transaction_id,employee_id,department,date,time,merchant_name,amount_eur,payment_channel,expense_context
TX0001,EMP_078,Consulting,2026-06-01,06:27,Air France,374.17,TMC_Corporate,Business_Trip
TX0002,EMP_060,Marketing,2026-06-01,08:00,MVV,2.63,Personal_Card_Reimbursement,Daily_Expense
TX0003,EMP_057,Marketing,2026-06-01,08:00,MVV,2.11,Personal_Card_Reimbursement,Daily_Expense
TX0004,EMP_067,Marketing,2026-06-01,08:00,BVG,3.12,Personal_Card_Reimbursement,Daily_Expense
TX0005,EMP_080,Consulting,2026-06-01,08:00,MVV,3.30,Personal_Card_Reimbursement,Daily_Expense
TX0006,EMP_049,Engineering,2026-06-01,08:01,Wiener Linien,2.10,Personal_Card_Reimbursement,Daily_Expense
TX0007,EMP_038,Engineering,2026-06-01,08:01,Uber BV,12.34,Personal_Card_Reimbursement,Daily_Expense
TX0008,EMP_062,Marketing,2026-06-01,08:01,Bolt Operations OU,13.28,Personal_Card_Reimbursement,Daily_Expense
TX0009,EMP_068,Marketing,2026-06-01,08:04,Wiener Linien,2.56,Personal_Card_Reimbursement,Daily_Expense
TX0010,EMP_007,Sales,2026-06-01,08:06,MVV,2.87,Personal_Card_Reimbursement,Daily_Expense
TX0011,EMP_011,Sales,2026-06-01,08:06,Metro Paris,2.60,Personal_Card_Reimbursement,Daily_Expense
TX0012,EMP_030,Engineering,2026-06-01,08:07,MVV,2.70,Personal_Card_Reimbursement,Daily_Expense
TX0013,EMP_044,Engineering,2026-06-01,08:07,Wiener Linien,2.58,Personal_Card_Reimbursement,Daily_Expense
TX0014,EMP_037,Engineering,2026-06-01,08:07,Uber BV,12.75,Personal_Card_Reimbursement,Daily_Expense
TX0015,EMP_079,Consulting,2026-06-01,08:09,Wiener Linien,3.51,Personal_Card_Reimbursement,Daily_Expense
TX0016,EMP_034,Engineering,2026-06-01,08:10,BVG,2.77,Personal_Card_Reimbursement,Daily_Expense
TX0017,EMP_052,Engineering,2026-06-01,08:14,Uber BV,10.77,Personal_Card_Reimbursement,Daily_Expense
TX0018,EMP_050,Engineering,2026-06-01,08:17,Metro Paris,2.40,Personal_Card_Reimbursement,Daily_Expense
TX0019,EMP_051,Engineering,2026-06-01,08:17,Free Now,13.07,Personal_Card_Reimbursement,Daily_Expense
TX0020,EMP_093,Operations,2026-06-01,08:17,Wiener Linien,3.31,Personal_Card_Reimbursement,Daily_Expense
TX0021,EMP_028,Engineering,2026-06-01,08:20,MVV,2.13,Personal_Card_Reimbursement,Daily_Expense
TX0022,EMP_059,Marketing,2026-06-01,08:20,Bolt Operations OU,12.85,Personal_Card_Reimbursement,Daily_Expense
TX0023,EMP_046,Engineering,2026-06-01,08:22,BVG,3.30,Personal_Card_Reimbursement,Daily_Expense
TX0024,EMP_096,Operations,2026-06-01,08:26,Wiener Linien,2.92,Personal_Card_Reimbursement,Daily_Expense
TX0025,EMP_069,Marketing,2026-06-01,08:27,Free Now,14.35,Personal_Card_Reimbursement,Daily_Expense
TX0026,EMP_031,Engineering,2026-06-01,08:28,Free Now,10.85,Personal_Card_Reimbursement,Daily_Expense
TX0027,EMP_042,Engineering,2026-06-01,08:30,Uber BV,10.35,Personal_Card_Reimbursement,Daily_Expense
TX0028,EMP_055,Engineering,2026-06-01,08:32,Bolt Operations OU,10.08,Personal_Card_Reimbursement,Daily_Expense
TX0029,EMP_070,Marketing,2026-06-01,08:32,Metro Paris,2.26,Personal_Card_Reimbursement,Daily_Expense
TX0030,EMP_056,Marketing,2026-06-01,08:32,Bolt Operations OU,14.48,Personal_Card_Reimbursement,Daily_Expense
TX0031,EMP_033,Engineering,2026-06-01,08:33,Metro Paris,2.42,Personal_Card_Reimbursement,Daily_Expense
TX0032,EMP_039,Engineering,2026-06-01,08:33,Wiener Linien,3.12,Personal_Card_Reimbursement,Daily_Expense
TX0033,EMP_041,Engineering,2026-06-01,08:36,Uber BV,12.84,Personal_Card_Reimbursement,Daily_Expense
TX0034,EMP_048,Engineering,2026-06-01,08:39,Bolt Operations OU,12.88,Personal_Card_Reimbursement,Daily_Expense
TX0035,EMP_064,Marketing,2026-06-01,08:39,Wiener Linien,3.58,Personal_Card_Reimbursement,Daily_Expense
TX0036,EMP_061,Marketing,2026-06-01,08:40,Uber BV,12.59,Personal_Card_Reimbursement,Daily_Expense
TX0037,EMP_084,Consulting,2026-06-01,08:40,Wiener Linien,3.01,Personal_Card_Reimbursement,Daily_Expense
TX0038,EMP_043,Engineering,2026-06-01,08:41,BVG,3.24,Personal_Card_Reimbursement,Daily_Expense
TX0039,EMP_063,Marketing,2026-06-01,08:44,MVV,3.58,Personal_Card_Reimbursement,Daily_Expense
TX0040,EMP_086,Consulting,2026-06-01,09:33,Eurostar,118.82,TMC_Corporate,Business_Trip
TX0041,EMP_040,Engineering,2026-06-01,11:06,Starbucks,31.76,Personal_Card_Reimbursement,Daily_Expense
TX0042,EMP_043,Engineering,2026-06-01,11:38,Restaurant Adler,25.98,Personal_Card_Reimbursement,Daily_Expense
TX0043,EMP_059,Marketing,2026-06-01,11:54,REWE Markt,25.79,Personal_Card_Reimbursement,Daily_Expense
TX0044,EMP_071,Consulting,2026-06-01,12:00,Staples,10.68,Personal_Card_Reimbursement,Daily_Expense
TX0045,EMP_026,Engineering,2026-06-01,12:01,Starbucks,32.66,Personal_Card_Reimbursement,Daily_Expense
TX0046,EMP_037,Engineering,2026-06-01,12:19,Starbucks,27.59,Personal_Card_Reimbursement,Daily_Expense
TX0047,EMP_054,Engineering,2026-06-01,12:33,Pret A Manger,12.01,Personal_Card_Reimbursement,Daily_Expense
TX0048,EMP_016,Sales,2026-06-01,12:47,Restaurant Adler,25.27,Personal_Card_Reimbursement,Daily_Expense
TX0049,EMP_031,Engineering,2026-06-01,12:53,Starbucks,26.84,Personal_Card_Reimbursement,Daily_Expense
TX0050,EMP_048,Engineering,2026-06-01,13:03,Vapiano,23.94,Personal_Card_Reimbursement,Daily_Expense
TX0051,EMP_072,Consulting,2026-06-01,13:19,Vapiano,8.72,Personal_Card_Reimbursement,Daily_Expense
TX0052,EMP_016,Sales,2026-06-01,13:29,Pret A Manger,35.66,Personal_Card_Reimbursement,Daily_Expense
TX0053,EMP_033,Engineering,2026-06-01,13:42,REWE Markt,24.53,Personal_Card_Reimbursement,Daily_Expense
TX0054,EMP_061,Marketing,2026-06-01,14:18,Restaurant Adler,23.90,Personal_Card_Reimbursement,Daily_Expense
TX0055,EMP_049,Engineering,2026-06-01,14:24,REWE Markt,37.14,Personal_Card_Reimbursement,Daily_Expense
TX0056,EMP_039,Engineering,2026-06-01,14:54,Restaurant Adler,37.47,Personal_Card_Reimbursement,Daily_Expense
TX0057,EMP_048,Engineering,2026-06-01,15:19,Starbucks,31.79,Personal_Card_Reimbursement,Daily_Expense
TX0058,EMP_025,Sales,2026-06-01,15:29,Pret A Manger,31.10,Personal_Card_Reimbursement,Daily_Expense
TX0059,EMP_045,Engineering,2026-06-01,15:37,Pret A Manger,8.95,Personal_Card_Reimbursement,Daily_Expense
TX0060,EMP_017,Sales,2026-06-01,16:08,Starbucks,15.84,Personal_Card_Reimbursement,Daily_Expense
TX0061,EMP_095,Operations,2026-06-01,16:21,Starbucks,31.55,Personal_Card_Reimbursement,Daily_Expense
TX0062,EMP_008,Sales,2026-06-01,16:22,REWE Markt,5.53,Personal_Card_Reimbursement,Daily_Expense
TX0063,EMP_042,Engineering,2026-06-01,16:25,REWE Markt,27.32,Personal_Card_Reimbursement,Daily_Expense
TX0064,EMP_019,Sales,2026-06-01,16:49,Restaurant Adler,21.62,Personal_Card_Reimbursement,Daily_Expense
TX0065,EMP_069,Marketing,2026-06-01,16:51,Vapiano,23.63,Personal_Card_Reimbursement,Daily_Expense
TX0066,EMP_092,Operations,2026-06-01,16:57,Starbucks,35.59,Personal_Card_Reimbursement,Daily_Expense
TX0067,EMP_025,Sales,2026-06-01,17:04,REWE Markt,12.11,Personal_Card_Reimbursement,Daily_Expense
TX0068,EMP_059,Marketing,2026-06-01,17:07,Restaurant Adler,23.98,Personal_Card_Reimbursement,Daily_Expense
TX0069,EMP_020,Sales,2026-06-01,17:19,Starbucks,11.38,Personal_Card_Reimbursement,Daily_Expense
TX0070,EMP_061,Marketing,2026-06-01,17:35,Starbucks,26.87,Personal_Card_Reimbursement,Daily_Expense
TX0071,EMP_010,Sales,2026-06-01,17:49,Vapiano,25.48,Personal_Card_Reimbursement,Daily_Expense
TX0072,EMP_029,Engineering,2026-06-01,18:07,Pret A Manger,36.44,Personal_Card_Reimbursement,Daily_Expense
TX0073,EMP_004,Sales,2026-06-01,18:07,Restaurant Adler,12.93,Personal_Card_Reimbursement,Daily_Expense
TX0074,EMP_085,Consulting,2026-06-01,18:20,Starbucks,36.97,Personal_Card_Reimbursement,Daily_Expense
TX0075,EMP_099,Operations,2026-06-01,18:21,Pret A Manger,32.38,Personal_Card_Reimbursement,Daily_Expense
TX0076,EMP_043,Engineering,2026-06-01,18:24,Restaurant Adler,35.01,Personal_Card_Reimbursement,Daily_Expense
TX0077,EMP_032,Engineering,2026-06-01,18:44,Vapiano,23.76,Personal_Card_Reimbursement,Daily_Expense
TX0078,EMP_015,Sales,2026-06-01,18:44,Starbucks,26.30,Personal_Card_Reimbursement,Daily_Expense
TX0079,EMP_016,Sales,2026-06-01,18:52,Vapiano,18.80,Personal_Card_Reimbursement,Daily_Expense
TX0080,EMP_007,Sales,2026-06-01,18:53,REWE Markt,10.90,Personal_Card_Reimbursement,Daily_Expense
TX0081,EMP_096,Operations,2026-06-01,19:00,REWE Markt,21.77,Personal_Card_Reimbursement,Daily_Expense
TX0082,EMP_074,Consulting,2026-06-01,19:12,Restaurant Adler,6.10,Personal_Card_Reimbursement,Daily_Expense
TX0083,EMP_018,Sales,2026-06-01,19:17,Restaurant Adler,8.18,Personal_Card_Reimbursement,Daily_Expense
TX0084,EMP_072,Consulting,2026-06-01,19:19,Vapiano,12.41,Personal_Card_Reimbursement,Daily_Expense
TX0085,EMP_041,Engineering,2026-06-01,19:35,REWE Markt,35.25,Personal_Card_Reimbursement,Daily_Expense
TX0086,EMP_064,Marketing,2026-06-01,19:59,Vapiano,29.03,Personal_Card_Reimbursement,Daily_Expense
TX0087,EMP_094,Operations,2026-06-01,20:49,Gasthaus Krone,12.93,Personal_Card_Reimbursement,Daily_Expense
TX0088,EMP_060,Marketing,2026-06-02,08:00,MVV,3.59,Personal_Card_Reimbursement,Daily_Expense
TX0089,EMP_067,Marketing,2026-06-02,08:00,BVG,2.50,Personal_Card_Reimbursement,Daily_Expense
TX0090,EMP_080,Consulting,2026-06-02,08:00,MVV,2.55,Personal_Card_Reimbursement,Daily_Expense
TX0091,EMP_011,Sales,2026-06-02,08:01,Metro Paris,2.02,Personal_Card_Reimbursement,Daily_Expense
TX0092,EMP_079,Consulting,2026-06-02,08:01,Wiener Linien,2.95,Personal_Card_Reimbursement,Daily_Expense
TX0093,EMP_049,Engineering,2026-06-02,08:04,Wiener Linien,2.37,Personal_Card_Reimbursement,Daily_Expense
TX0094,EMP_029,Engineering,2026-06-02,08:05,BVG,2.11,Personal_Card_Reimbursement,Daily_Expense
TX0095,EMP_037,Engineering,2026-06-02,08:07,Uber BV,10.95,Personal_Card_Reimbursement,Daily_Expense
TX0096,EMP_057,Marketing,2026-06-02,08:07,MVV,3.01,Personal_Card_Reimbursement,Daily_Expense
TX0097,EMP_044,Engineering,2026-06-02,08:11,Wiener Linien,2.70,Personal_Card_Reimbursement,Daily_Expense
TX0098,EMP_052,Engineering,2026-06-02,08:13,Uber BV,13.63,Personal_Card_Reimbursement,Daily_Expense
TX0099,EMP_068,Marketing,2026-06-02,08:13,Wiener Linien,3.46,Personal_Card_Reimbursement,Daily_Expense
TX0100,EMP_058,Marketing,2026-06-02,08:15,Wiener Linien,2.14,Personal_Card_Reimbursement,Daily_Expense
TX0101,EMP_059,Marketing,2026-06-02,08:20,Bolt Operations OU,14.63,Personal_Card_Reimbursement,Daily_Expense
TX0102,EMP_050,Engineering,2026-06-02,08:22,Metro Paris,2.90,Personal_Card_Reimbursement,Daily_Expense
TX0103,EMP_056,Marketing,2026-06-02,08:23,Bolt Operations OU,12.98,Personal_Card_Reimbursement,Daily_Expense
TX0104,EMP_028,Engineering,2026-06-02,08:25,MVV,2.08,Personal_Card_Reimbursement,Daily_Expense
TX0105,EMP_031,Engineering,2026-06-02,08:25,Free Now,12.60,Personal_Card_Reimbursement,Daily_Expense
TX0106,EMP_027,Engineering,2026-06-02,08:28,Wiener Linien,2.94,Personal_Card_Reimbursement,Daily_Expense
TX0107,EMP_064,Marketing,2026-06-02,08:30,Wiener Linien,2.21,Personal_Card_Reimbursement,Daily_Expense
TX0108,EMP_042,Engineering,2026-06-02,08:31,Uber BV,9.70,Personal_Card_Reimbursement,Daily_Expense
TX0109,EMP_096,Operations,2026-06-02,08:31,Wiener Linien,3.02,Personal_Card_Reimbursement,Daily_Expense
TX0110,EMP_035,Engineering,2026-06-02,08:34,Bolt Operations OU,10.40,Personal_Card_Reimbursement,Daily_Expense
TX0111,EMP_043,Engineering,2026-06-02,08:35,BVG,2.44,Personal_Card_Reimbursement,Daily_Expense
TX0112,EMP_026,Engineering,2026-06-02,08:36,MVV,2.17,Personal_Card_Reimbursement,Daily_Expense
TX0113,EMP_041,Engineering,2026-06-02,08:38,Uber BV,11.00,Personal_Card_Reimbursement,Daily_Expense
TX0114,EMP_032,Engineering,2026-06-02,08:38,Free Now,9.88,Personal_Card_Reimbursement,Daily_Expense
TX0115,EMP_053,Engineering,2026-06-02,08:39,Metro Paris,3.22,Personal_Card_Reimbursement,Daily_Expense
TX0116,EMP_055,Engineering,2026-06-02,08:39,Bolt Operations OU,14.23,Personal_Card_Reimbursement,Daily_Expense
TX0117,EMP_039,Engineering,2026-06-02,08:40,Wiener Linien,2.37,Personal_Card_Reimbursement,Daily_Expense
TX0118,EMP_047,Engineering,2026-06-02,08:43,Free Now,9.22,Personal_Card_Reimbursement,Daily_Expense
TX0119,EMP_084,Consulting,2026-06-02,08:43,Wiener Linien,2.25,Personal_Card_Reimbursement,Daily_Expense
TX0120,EMP_048,Engineering,2026-06-02,08:46,Bolt Operations OU,11.63,Personal_Card_Reimbursement,Daily_Expense
TX0121,EMP_057,Marketing,2026-06-02,11:06,Restaurant Adler,4.99,Personal_Card_Reimbursement,Daily_Expense
TX0122,EMP_095,Operations,2026-06-02,11:11,Pret A Manger,20.94,Personal_Card_Reimbursement,Daily_Expense
TX0123,EMP_026,Engineering,2026-06-02,11:58,Pret A Manger,5.12,Personal_Card_Reimbursement,Daily_Expense
TX0124,EMP_042,Engineering,2026-06-02,12:01,Uber BV,230.25,Personal_Card_Reimbursement,Business_Trip
TX0125,EMP_003,Sales,2026-06-02,12:24,REWE Markt,33.92,Personal_Card_Reimbursement,Daily_Expense
TX0126,EMP_074,Consulting,2026-06-02,12:25,Pret A Manger,17.57,Personal_Card_Reimbursement,Daily_Expense
TX0127,EMP_065,Marketing,2026-06-02,12:39,Pret A Manger,15.48,Personal_Card_Reimbursement,Daily_Expense
TX0128,EMP_072,Consulting,2026-06-02,12:55,Vapiano,7.58,Personal_Card_Reimbursement,Daily_Expense
TX0129,EMP_095,Operations,2026-06-02,12:59,K+M Mobility Services,43.69,Personal_Card_Reimbursement,Business_Trip
TX0130,EMP_080,Consulting,2026-06-02,13:00,Pret A Manger,27.84,Personal_Card_Reimbursement,Daily_Expense
TX0131,EMP_012,Sales,2026-06-02,13:10,REWE Markt,18.18,Personal_Card_Reimbursement,Daily_Expense
TX0132,EMP_086,Consulting,2026-06-02,13:18,Vapiano,13.08,Personal_Card_Reimbursement,Daily_Expense
TX0133,EMP_059,Marketing,2026-06-02,13:20,Vapiano,21.63,Personal_Card_Reimbursement,Daily_Expense
TX0134,EMP_072,Consulting,2026-06-02,13:32,REWE Markt,10.10,Personal_Card_Reimbursement,Daily_Expense
TX0135,EMP_050,Engineering,2026-06-02,13:45,Pret A Manger,18.50,Personal_Card_Reimbursement,Daily_Expense
TX0136,EMP_046,Engineering,2026-06-02,13:54,Pret A Manger,13.09,Personal_Card_Reimbursement,Daily_Expense
TX0137,EMP_095,Operations,2026-06-02,13:55,Pret A Manger,36.26,Personal_Card_Reimbursement,Daily_Expense
TX0138,EMP_012,Sales,2026-06-02,14:38,Restaurant Adler,26.32,Personal_Card_Reimbursement,Daily_Expense
TX0139,EMP_082,Consulting,2026-06-02,14:48,Starbucks,19.37,Personal_Card_Reimbursement,Daily_Expense
TX0140,EMP_060,Marketing,2026-06-02,15:01,REWE Markt,21.70,Personal_Card_Reimbursement,Daily_Expense
TX0141,EMP_022,Sales,2026-06-02,15:03,Restaurant Adler,29.48,Personal_Card_Reimbursement,Daily_Expense
TX0142,EMP_043,Engineering,2026-06-02,15:11,REWE Markt,36.49,Personal_Card_Reimbursement,Daily_Expense
TX0143,EMP_094,Operations,2026-06-02,15:30,Pret A Manger,21.71,Personal_Card_Reimbursement,Daily_Expense
TX0144,EMP_003,Sales,2026-06-02,15:55,Pret A Manger,14.67,Personal_Card_Reimbursement,Daily_Expense
TX0145,EMP_021,Sales,2026-06-02,16:03,REWE Markt,16.28,Personal_Card_Reimbursement,Daily_Expense
TX0146,EMP_004,Sales,2026-06-02,16:09,Restaurant Adler,17.26,Personal_Card_Reimbursement,Daily_Expense
TX0147,EMP_096,Operations,2026-06-02,16:35,Vapiano,14.18,Personal_Card_Reimbursement,Daily_Expense
TX0148,EMP_092,Operations,2026-06-02,16:35,Vapiano,4.65,Personal_Card_Reimbursement,Daily_Expense
TX0149,EMP_095,Operations,2026-06-02,17:19,Starbucks,33.13,Personal_Card_Reimbursement,Daily_Expense
TX0150,EMP_100,Operations,2026-06-02,17:26,Starbucks,15.83,Personal_Card_Reimbursement,Daily_Expense
TX0151,EMP_006,Sales,2026-06-02,17:32,Restaurant Adler,14.60,Personal_Card_Reimbursement,Daily_Expense
TX0152,EMP_052,Engineering,2026-06-02,17:46,Restaurant Adler,29.00,Personal_Card_Reimbursement,Daily_Expense
TX0153,EMP_036,Engineering,2026-06-02,17:56,Office Depot,30.61,Personal_Card_Reimbursement,Daily_Expense
TX0154,EMP_017,Sales,2026-06-02,18:14,KLM,499.43,TMC_Corporate,Business_Trip
TX0155,EMP_073,Consulting,2026-06-02,18:29,REWE Markt,8.64,Personal_Card_Reimbursement,Daily_Expense
TX0156,EMP_048,Engineering,2026-06-02,18:32,Vapiano,35.05,Personal_Card_Reimbursement,Daily_Expense
TX0157,EMP_017,Sales,2026-06-02,18:51,Starbucks,7.53,Personal_Card_Reimbursement,Daily_Expense
TX0158,EMP_083,Consulting,2026-06-02,18:52,Vapiano,7.72,Personal_Card_Reimbursement,Daily_Expense
TX0159,EMP_006,Sales,2026-06-02,19:02,Starbucks,28.94,Personal_Card_Reimbursement,Daily_Expense
TX0160,EMP_001,Sales,2026-06-02,19:08,Restaurant Adler,24.26,Personal_Card_Reimbursement,Daily_Expense
TX0161,EMP_056,Marketing,2026-06-02,19:37,Vapiano,7.67,Personal_Card_Reimbursement,Daily_Expense
TX0162,EMP_080,Consulting,2026-06-02,19:45,Vapiano,16.46,Personal_Card_Reimbursement,Daily_Expense
TX0163,EMP_092,Operations,2026-06-02,19:51,Vapiano,23.42,Personal_Card_Reimbursement,Daily_Expense
TX0164,EMP_030,Engineering,2026-06-03,08:00,MVV,3.57,Personal_Card_Reimbursement,Daily_Expense
TX0165,EMP_060,Marketing,2026-06-03,08:00,MVV,2.51,Personal_Card_Reimbursement,Daily_Expense
TX0166,EMP_057,Marketing,2026-06-03,08:00,MVV,3.21,Personal_Card_Reimbursement,Daily_Expense
TX0167,EMP_062,Marketing,2026-06-03,08:00,Bolt Operations OU,13.48,Personal_Card_Reimbursement,Daily_Expense
TX0168,EMP_079,Consulting,2026-06-03,08:00,Wiener Linien,2.22,Personal_Card_Reimbursement,Daily_Expense
TX0169,EMP_049,Engineering,2026-06-03,08:01,Wiener Linien,3.13,Personal_Card_Reimbursement,Daily_Expense
TX0170,EMP_054,Engineering,2026-06-03,08:02,MVV,2.36,Personal_Card_Reimbursement,Daily_Expense
TX0171,EMP_067,Marketing,2026-06-03,08:04,BVG,2.33,Personal_Card_Reimbursement,Daily_Expense
TX0172,EMP_007,Sales,2026-06-03,08:04,MVV,3.03,Personal_Card_Reimbursement,Daily_Expense
TX0173,EMP_051,Engineering,2026-06-03,08:07,Free Now,9.82,Personal_Card_Reimbursement,Daily_Expense
TX0174,EMP_037,Engineering,2026-06-03,08:07,Uber BV,11.72,Personal_Card_Reimbursement,Daily_Expense
TX0175,EMP_038,Engineering,2026-06-03,08:08,Uber BV,13.84,Personal_Card_Reimbursement,Daily_Expense
TX0176,EMP_044,Engineering,2026-06-03,08:09,Wiener Linien,3.04,Personal_Card_Reimbursement,Daily_Expense
TX0177,EMP_011,Sales,2026-06-03,08:09,Metro Paris,3.35,Personal_Card_Reimbursement,Daily_Expense
TX0178,EMP_080,Consulting,2026-06-03,08:09,MVV,2.26,Personal_Card_Reimbursement,Daily_Expense
TX0179,EMP_034,Engineering,2026-06-03,08:10,BVG,2.00,Personal_Card_Reimbursement,Daily_Expense
TX0180,EMP_059,Marketing,2026-06-03,08:13,Bolt Operations OU,10.16,Personal_Card_Reimbursement,Daily_Expense
TX0181,EMP_093,Operations,2026-06-03,08:13,Wiener Linien,3.30,Personal_Card_Reimbursement,Daily_Expense
TX0182,EMP_016,Sales,2026-06-03,08:14,Metro Paris,3.60,Personal_Card_Reimbursement,Daily_Expense
TX0183,EMP_046,Engineering,2026-06-03,08:26,BVG,2.68,Personal_Card_Reimbursement,Daily_Expense
TX0184,EMP_028,Engineering,2026-06-03,08:30,MVV,2.11,Personal_Card_Reimbursement,Daily_Expense
TX0185,EMP_027,Engineering,2026-06-03,08:31,Wiener Linien,2.99,Personal_Card_Reimbursement,Daily_Expense
TX0186,EMP_010,Sales,2026-06-03,08:32,MVV,3.24,Personal_Card_Reimbursement,Daily_Expense
TX0187,EMP_064,Marketing,2026-06-03,08:34,Wiener Linien,3.27,Personal_Card_Reimbursement,Daily_Expense
TX0188,EMP_026,Engineering,2026-06-03,08:35,MVV,3.02,Personal_Card_Reimbursement,Daily_Expense
TX0189,EMP_070,Marketing,2026-06-03,08:35,Metro Paris,3.52,Personal_Card_Reimbursement,Daily_Expense
TX0190,EMP_039,Engineering,2026-06-03,08:37,Wiener Linien,2.19,Personal_Card_Reimbursement,Daily_Expense
TX0191,EMP_042,Engineering,2026-06-03,08:37,Uber BV,13.30,Personal_Card_Reimbursement,Daily_Expense
TX0192,EMP_031,Engineering,2026-06-03,08:37,Free Now,14.67,Personal_Card_Reimbursement,Daily_Expense
TX0193,EMP_043,Engineering,2026-06-03,08:39,BVG,2.38,Personal_Card_Reimbursement,Daily_Expense
TX0194,EMP_055,Engineering,2026-06-03,08:39,Bolt Operations OU,11.99,Personal_Card_Reimbursement,Daily_Expense
TX0195,EMP_035,Engineering,2026-06-03,08:39,Bolt Operations OU,14.66,Personal_Card_Reimbursement,Daily_Expense
TX0196,EMP_061,Marketing,2026-06-03,08:40,Uber BV,14.26,Personal_Card_Reimbursement,Daily_Expense
TX0197,EMP_053,Engineering,2026-06-03,08:41,Metro Paris,3.04,Personal_Card_Reimbursement,Daily_Expense
TX0198,EMP_048,Engineering,2026-06-03,08:44,Bolt Operations OU,12.66,Personal_Card_Reimbursement,Daily_Expense
TX0199,EMP_032,Engineering,2026-06-03,08:47,Free Now,9.92,Personal_Card_Reimbursement,Daily_Expense
TX0200,EMP_063,Marketing,2026-06-03,08:47,MVV,2.59,Personal_Card_Reimbursement,Daily_Expense
TX0201,EMP_073,Consulting,2026-06-03,10:05,Marriott Muenchen,140.78,TMC_Corporate,Business_Trip
TX0202,EMP_064,Marketing,2026-06-03,11:03,Staples,59.49,Personal_Card_Reimbursement,Daily_Expense
TX0203,EMP_021,Sales,2026-06-03,11:05,Pret A Manger,12.73,Personal_Card_Reimbursement,Daily_Expense
TX0204,EMP_089,Consulting,2026-06-03,11:10,Restaurant Adler,4.93,Personal_Card_Reimbursement,Daily_Expense
TX0205,EMP_041,Engineering,2026-06-03,11:15,Hilton Hotel Berlin,277.45,Personal_Card_Reimbursement,Business_Trip
TX0206,EMP_046,Engineering,2026-06-03,11:21,Restaurant Adler,13.54,Personal_Card_Reimbursement,Daily_Expense
TX0207,EMP_063,Marketing,2026-06-03,11:23,Restaurant Adler,31.23,Personal_Card_Reimbursement,Daily_Expense
TX0208,EMP_088,Consulting,2026-06-03,11:32,Restaurant Adler,33.95,Personal_Card_Reimbursement,Daily_Expense
TX0209,EMP_073,Consulting,2026-06-03,11:33,REWE Markt,31.87,Personal_Card_Reimbursement,Daily_Expense
TX0210,EMP_089,Consulting,2026-06-03,11:50,City Parkhaus 24,160.17,Personal_Card_Reimbursement,Daily_Expense
TX0211,EMP_029,Engineering,2026-06-03,11:56,Starbucks,23.89,Personal_Card_Reimbursement,Daily_Expense
TX0212,EMP_033,Engineering,2026-06-03,12:06,Vapiano,9.67,Personal_Card_Reimbursement,Daily_Expense
TX0213,EMP_039,Engineering,2026-06-03,12:06,Vapiano,36.66,Personal_Card_Reimbursement,Daily_Expense
TX0214,EMP_038,Engineering,2026-06-03,12:21,Pret A Manger,8.24,Personal_Card_Reimbursement,Daily_Expense
TX0215,EMP_079,Consulting,2026-06-03,12:43,Pret A Manger,20.06,Personal_Card_Reimbursement,Daily_Expense
TX0216,EMP_063,Marketing,2026-06-03,12:45,Starbucks,4.25,Personal_Card_Reimbursement,Daily_Expense
TX0217,EMP_071,Consulting,2026-06-03,12:52,SNCF,59.60,TMC_Corporate,Business_Trip
TX0218,EMP_011,Sales,2026-06-03,13:01,Restaurant Adler,7.89,Personal_Card_Reimbursement,Daily_Expense
TX0219,EMP_098,Operations,2026-06-03,13:05,REWE Markt,12.92,Personal_Card_Reimbursement,Daily_Expense
TX0220,EMP_063,Marketing,2026-06-03,13:13,Vapiano,5.77,Personal_Card_Reimbursement,Daily_Expense
TX0221,EMP_059,Marketing,2026-06-03,13:18,Pret A Manger,17.28,Personal_Card_Reimbursement,Daily_Expense
TX0222,EMP_053,Engineering,2026-06-03,13:30,Pret A Manger,6.11,Personal_Card_Reimbursement,Daily_Expense
TX0223,EMP_062,Marketing,2026-06-03,13:30,Vapiano,17.54,Personal_Card_Reimbursement,Daily_Expense
TX0224,EMP_039,Engineering,2026-06-03,14:07,Restaurant Adler,8.59,Personal_Card_Reimbursement,Daily_Expense
TX0225,EMP_017,Sales,2026-06-03,14:15,Starbucks,24.15,Personal_Card_Reimbursement,Daily_Expense
TX0226,EMP_066,Marketing,2026-06-03,14:29,REWE Markt,34.76,Personal_Card_Reimbursement,Daily_Expense
TX0227,EMP_046,Engineering,2026-06-03,14:37,Starbucks,5.87,Personal_Card_Reimbursement,Daily_Expense
TX0228,EMP_057,Marketing,2026-06-03,14:39,Starbucks,37.30,Personal_Card_Reimbursement,Daily_Expense
TX0229,EMP_092,Operations,2026-06-03,14:41,Starbucks,35.63,Personal_Card_Reimbursement,Daily_Expense
TX0230,EMP_060,Marketing,2026-06-03,14:45,Pret A Manger,22.65,Personal_Card_Reimbursement,Daily_Expense
TX0231,EMP_015,Sales,2026-06-03,14:47,Starbucks,29.18,Personal_Card_Reimbursement,Daily_Expense
TX0232,EMP_083,Consulting,2026-06-03,15:10,Starbucks,20.31,Personal_Card_Reimbursement,Daily_Expense
TX0233,EMP_065,Marketing,2026-06-03,15:10,REWE Markt,28.65,Personal_Card_Reimbursement,Daily_Expense
TX0234,EMP_065,Marketing,2026-06-03,15:17,REWE Markt,12.57,Personal_Card_Reimbursement,Daily_Expense
TX0235,EMP_071,Consulting,2026-06-03,15:28,Restaurant Adler,29.56,Personal_Card_Reimbursement,Daily_Expense
TX0236,EMP_012,Sales,2026-06-03,15:35,Vapiano,10.05,Personal_Card_Reimbursement,Daily_Expense
TX0237,EMP_044,Engineering,2026-06-03,15:41,Restaurant Adler,29.86,Personal_Card_Reimbursement,Daily_Expense
TX0238,EMP_010,Sales,2026-06-03,16:20,Starbucks,15.68,Personal_Card_Reimbursement,Daily_Expense
TX0239,EMP_064,Marketing,2026-06-03,16:21,Pret A Manger,24.39,Personal_Card_Reimbursement,Daily_Expense
TX0240,EMP_015,Sales,2026-06-03,16:26,Pret A Manger,28.53,Personal_Card_Reimbursement,Daily_Expense
TX0241,EMP_048,Engineering,2026-06-03,16:26,REWE Markt,21.15,Personal_Card_Reimbursement,Daily_Expense
TX0242,EMP_085,Consulting,2026-06-03,16:57,Ibis Paris Est,108.60,TMC_Corporate,Business_Trip
TX0243,EMP_021,Sales,2026-06-03,17:08,Restaurant Adler,28.13,Personal_Card_Reimbursement,Daily_Expense
TX0244,EMP_016,Sales,2026-06-03,17:20,Vapiano,35.17,Personal_Card_Reimbursement,Daily_Expense
TX0245,EMP_021,Sales,2026-06-03,17:24,REWE Markt,30.42,Personal_Card_Reimbursement,Daily_Expense
TX0246,EMP_098,Operations,2026-06-03,17:25,Restaurant Adler,24.89,Personal_Card_Reimbursement,Daily_Expense
TX0247,EMP_087,Consulting,2026-06-03,17:44,REWE Markt,8.87,Personal_Card_Reimbursement,Daily_Expense
TX0248,EMP_083,Consulting,2026-06-03,17:47,Vapiano,19.02,Personal_Card_Reimbursement,Daily_Expense
TX0249,EMP_067,Marketing,2026-06-03,17:49,Pret A Manger,15.50,Personal_Card_Reimbursement,Daily_Expense
TX0250,EMP_089,Consulting,2026-06-03,18:03,Restaurant Adler,6.11,Personal_Card_Reimbursement,Daily_Expense
TX0251,EMP_075,Consulting,2026-06-03,18:11,Vapiano,4.55,Personal_Card_Reimbursement,Daily_Expense
TX0252,EMP_086,Consulting,2026-06-03,18:21,REWE Markt,7.34,Personal_Card_Reimbursement,Daily_Expense
TX0253,EMP_080,Consulting,2026-06-03,18:21,Vapiano,14.80,Personal_Card_Reimbursement,Daily_Expense
TX0254,EMP_004,Sales,2026-06-03,18:24,Office Depot,65.56,Personal_Card_Reimbursement,Daily_Expense
TX0255,EMP_002,Sales,2026-06-03,18:42,Office Depot,11.26,Personal_Card_Reimbursement,Daily_Expense
TX0256,EMP_027,Engineering,2026-06-03,18:55,Starbucks,35.52,Personal_Card_Reimbursement,Daily_Expense
TX0257,EMP_030,Engineering,2026-06-03,18:55,REWE Markt,33.14,Personal_Card_Reimbursement,Daily_Expense
TX0258,EMP_047,Engineering,2026-06-03,19:39,Vapiano,28.05,Personal_Card_Reimbursement,Daily_Expense
TX0259,EMP_074,Consulting,2026-06-03,19:45,REWE Markt,9.37,Personal_Card_Reimbursement,Daily_Expense
TX0260,EMP_062,Marketing,2026-06-03,19:54,Restaurant Adler,28.83,Personal_Card_Reimbursement,Daily_Expense
TX0261,EMP_021,Sales,2026-06-03,20:44,Hilton Hotel Berlin,408.74,Personal_Card_Reimbursement,Business_Trip
TX0262,EMP_083,Consulting,2026-06-03,21:52,City Parkhaus 24,10.67,Personal_Card_Reimbursement,Daily_Expense
TX0263,EMP_043,Engineering,2026-06-04,07:10,Gasthaus Krone,98.70,Personal_Card_Reimbursement,Business_Trip
TX0264,EMP_030,Engineering,2026-06-04,08:00,MVV,2.92,Personal_Card_Reimbursement,Daily_Expense
TX0265,EMP_037,Engineering,2026-06-04,08:00,Uber BV,13.76,Personal_Card_Reimbursement,Daily_Expense
TX0266,EMP_080,Consulting,2026-06-04,08:00,MVV,2.28,Personal_Card_Reimbursement,Daily_Expense
TX0267,EMP_029,Engineering,2026-06-04,08:02,BVG,3.05,Personal_Card_Reimbursement,Daily_Expense
TX0268,EMP_068,Marketing,2026-06-04,08:04,Wiener Linien,3.57,Personal_Card_Reimbursement,Daily_Expense
TX0269,EMP_062,Marketing,2026-06-04,08:04,Bolt Operations OU,12.23,Personal_Card_Reimbursement,Daily_Expense
TX0270,EMP_057,Marketing,2026-06-04,08:05,MVV,2.87,Personal_Card_Reimbursement,Daily_Expense
TX0271,EMP_007,Sales,2026-06-04,08:05,MVV,3.34,Personal_Card_Reimbursement,Daily_Expense
TX0272,EMP_049,Engineering,2026-06-04,08:06,Wiener Linien,3.45,Personal_Card_Reimbursement,Daily_Expense
TX0273,EMP_054,Engineering,2026-06-04,08:06,MVV,2.07,Personal_Card_Reimbursement,Daily_Expense
TX0274,EMP_034,Engineering,2026-06-04,08:11,BVG,3.25,Personal_Card_Reimbursement,Daily_Expense
TX0275,EMP_052,Engineering,2026-06-04,08:14,Uber BV,11.02,Personal_Card_Reimbursement,Daily_Expense
TX0276,EMP_050,Engineering,2026-06-04,08:19,Metro Paris,3.48,Personal_Card_Reimbursement,Daily_Expense
TX0277,EMP_059,Marketing,2026-06-04,08:22,Bolt Operations OU,13.39,Personal_Card_Reimbursement,Daily_Expense
TX0278,EMP_028,Engineering,2026-06-04,08:23,MVV,2.05,Personal_Card_Reimbursement,Daily_Expense
TX0279,EMP_019,Sales,2026-06-04,08:23,Hbf Kiosk,131.41,Personal_Card_Reimbursement,Daily_Expense
TX0280,EMP_046,Engineering,2026-06-04,08:27,BVG,3.53,Personal_Card_Reimbursement,Daily_Expense
TX0281,EMP_026,Engineering,2026-06-04,08:28,MVV,2.60,Personal_Card_Reimbursement,Daily_Expense
TX0282,EMP_031,Engineering,2026-06-04,08:30,Free Now,10.53,Personal_Card_Reimbursement,Daily_Expense
TX0283,EMP_069,Marketing,2026-06-04,08:30,Free Now,13.10,Personal_Card_Reimbursement,Daily_Expense
TX0284,EMP_064,Marketing,2026-06-04,08:31,Wiener Linien,2.58,Personal_Card_Reimbursement,Daily_Expense
TX0285,EMP_017,Sales,2026-06-04,08:31,Air France,488.66,TMC_Corporate,Business_Trip
TX0286,EMP_056,Marketing,2026-06-04,08:32,Bolt Operations OU,12.57,Personal_Card_Reimbursement,Daily_Expense
TX0287,EMP_055,Engineering,2026-06-04,08:34,Bolt Operations OU,11.77,Personal_Card_Reimbursement,Daily_Expense
TX0288,EMP_061,Marketing,2026-06-04,08:34,Uber BV,11.48,Personal_Card_Reimbursement,Daily_Expense
TX0289,EMP_033,Engineering,2026-06-04,08:36,Metro Paris,2.25,Personal_Card_Reimbursement,Daily_Expense
TX0290,EMP_043,Engineering,2026-06-04,08:36,BVG,2.86,Personal_Card_Reimbursement,Daily_Expense
TX0291,EMP_042,Engineering,2026-06-04,08:36,Uber BV,11.49,Personal_Card_Reimbursement,Daily_Expense
TX0292,EMP_010,Sales,2026-06-04,08:39,MVV,3.25,Personal_Card_Reimbursement,Daily_Expense
TX0293,EMP_063,Marketing,2026-06-04,08:40,MVV,2.39,Personal_Card_Reimbursement,Daily_Expense
TX0294,EMP_047,Engineering,2026-06-04,08:42,Free Now,9.60,Personal_Card_Reimbursement,Daily_Expense
TX0295,EMP_041,Engineering,2026-06-04,08:44,Uber BV,13.98,Personal_Card_Reimbursement,Daily_Expense
TX0296,EMP_084,Consulting,2026-06-04,08:44,Wiener Linien,3.59,Personal_Card_Reimbursement,Daily_Expense
TX0297,EMP_048,Engineering,2026-06-04,08:45,Bolt Operations OU,10.70,Personal_Card_Reimbursement,Daily_Expense
TX0298,EMP_053,Engineering,2026-06-04,08:47,Metro Paris,2.94,Personal_Card_Reimbursement,Daily_Expense
TX0299,EMP_032,Engineering,2026-06-04,08:47,Free Now,10.06,Personal_Card_Reimbursement,Daily_Expense
TX0300,EMP_095,Operations,2026-06-04,11:00,REWE Markt,32.94,Personal_Card_Reimbursement,Daily_Expense
TX0301,EMP_041,Engineering,2026-06-04,11:06,Starbucks,29.34,Personal_Card_Reimbursement,Daily_Expense
TX0302,EMP_087,Consulting,2026-06-04,11:25,REWE Markt,22.17,Personal_Card_Reimbursement,Daily_Expense
TX0303,EMP_028,Engineering,2026-06-04,11:25,Vapiano,14.99,Personal_Card_Reimbursement,Daily_Expense
TX0304,EMP_022,Sales,2026-06-04,11:52,Staples,54.23,Personal_Card_Reimbursement,Daily_Expense
TX0305,EMP_097,Operations,2026-06-04,12:07,REWE Markt,19.66,Personal_Card_Reimbursement,Daily_Expense
TX0306,EMP_048,Engineering,2026-06-04,12:07,Restaurant Adler,32.98,Personal_Card_Reimbursement,Daily_Expense
TX0307,EMP_063,Marketing,2026-06-04,12:16,REWE Markt,18.98,Personal_Card_Reimbursement,Daily_Expense
TX0308,EMP_085,Consulting,2026-06-04,12:17,Deutsche Bahn,70.15,TMC_Corporate,Business_Trip
TX0309,EMP_075,Consulting,2026-06-04,12:36,REWE Markt,15.45,Personal_Card_Reimbursement,Daily_Expense
TX0310,EMP_025,Sales,2026-06-04,12:37,REWE Markt,4.42,Personal_Card_Reimbursement,Daily_Expense
TX0311,EMP_087,Consulting,2026-06-04,12:48,Pret A Manger,4.20,Personal_Card_Reimbursement,Daily_Expense
TX0312,EMP_044,Engineering,2026-06-04,12:49,REWE Markt,5.58,Personal_Card_Reimbursement,Daily_Expense
TX0313,EMP_092,Operations,2026-06-04,12:50,Starbucks,22.91,Personal_Card_Reimbursement,Daily_Expense
TX0314,EMP_008,Sales,2026-06-04,13:03,Vapiano,37.12,Personal_Card_Reimbursement,Daily_Expense
TX0315,EMP_005,Sales,2026-06-04,13:12,Pret A Manger,35.69,Personal_Card_Reimbursement,Daily_Expense
TX0316,EMP_082,Consulting,2026-06-04,13:24,REWE Markt,6.94,Personal_Card_Reimbursement,Daily_Expense
TX0317,EMP_085,Consulting,2026-06-04,13:26,Staples,51.62,Personal_Card_Reimbursement,Daily_Expense
TX0318,EMP_010,Sales,2026-06-04,13:31,Starbucks,13.38,Personal_Card_Reimbursement,Daily_Expense
TX0319,EMP_089,Consulting,2026-06-04,13:43,Starbucks,34.61,Personal_Card_Reimbursement,Daily_Expense
TX0320,EMP_097,Operations,2026-06-04,13:57,Pret A Manger,20.40,Personal_Card_Reimbursement,Daily_Expense
TX0321,EMP_089,Consulting,2026-06-04,14:02,Staples,75.58,Personal_Card_Reimbursement,Daily_Expense
TX0322,EMP_058,Marketing,2026-06-04,14:15,Starbucks,26.53,Personal_Card_Reimbursement,Daily_Expense
TX0323,EMP_076,Consulting,2026-06-04,14:21,Starbucks,6.20,Personal_Card_Reimbursement,Daily_Expense
TX0324,EMP_030,Engineering,2026-06-04,14:24,Pret A Manger,29.08,Personal_Card_Reimbursement,Daily_Expense
TX0325,EMP_007,Sales,2026-06-04,14:26,Starbucks,10.99,Personal_Card_Reimbursement,Daily_Expense
TX0326,EMP_071,Consulting,2026-06-04,14:28,Restaurant Adler,4.84,Personal_Card_Reimbursement,Daily_Expense
TX0327,EMP_059,Marketing,2026-06-04,14:30,Vapiano,26.64,Personal_Card_Reimbursement,Daily_Expense
TX0328,EMP_066,Marketing,2026-06-04,14:39,Starbucks,14.97,Personal_Card_Reimbursement,Daily_Expense
TX0329,EMP_070,Marketing,2026-06-04,14:48,Office Depot,48.28,Personal_Card_Reimbursement,Daily_Expense
TX0330,EMP_047,Engineering,2026-06-04,15:16,Restaurant Adler,18.49,Personal_Card_Reimbursement,Daily_Expense
TX0331,EMP_030,Engineering,2026-06-04,15:21,Pret A Manger,11.62,Personal_Card_Reimbursement,Daily_Expense
TX0332,EMP_081,Consulting,2026-06-04,15:23,Restaurant Adler,29.32,Personal_Card_Reimbursement,Daily_Expense
TX0333,EMP_063,Marketing,2026-06-04,15:35,Vapiano,15.86,Personal_Card_Reimbursement,Daily_Expense
TX0334,EMP_014,Sales,2026-06-04,15:37,Starbucks,21.90,Personal_Card_Reimbursement,Daily_Expense
TX0335,EMP_065,Marketing,2026-06-04,15:38,Restaurant Adler,30.75,Personal_Card_Reimbursement,Daily_Expense
TX0336,EMP_088,Consulting,2026-06-04,15:40,Starbucks,6.17,Personal_Card_Reimbursement,Daily_Expense
TX0337,EMP_090,Consulting,2026-06-04,15:56,Restaurant Adler,28.65,Personal_Card_Reimbursement,Daily_Expense
TX0338,EMP_077,Consulting,2026-06-04,16:45,Restaurant Adler,27.98,Personal_Card_Reimbursement,Daily_Expense
TX0339,EMP_092,Operations,2026-06-04,16:46,Staples,28.43,Personal_Card_Reimbursement,Daily_Expense
TX0340,EMP_006,Sales,2026-06-04,17:39,Pret A Manger,25.67,Personal_Card_Reimbursement,Daily_Expense
TX0341,EMP_082,Consulting,2026-06-04,17:42,Hilton Hotel Berlin,146.03,TMC_Corporate,Business_Trip
TX0342,EMP_043,Engineering,2026-06-04,17:46,Starbucks,19.54,Personal_Card_Reimbursement,Daily_Expense
TX0343,EMP_018,Sales,2026-06-04,17:49,Vapiano,18.93,Personal_Card_Reimbursement,Daily_Expense
TX0344,EMP_053,Engineering,2026-06-04,18:22,Vapiano,7.53,Personal_Card_Reimbursement,Daily_Expense
TX0345,EMP_093,Operations,2026-06-04,18:23,Vapiano,35.30,Personal_Card_Reimbursement,Daily_Expense
TX0346,EMP_025,Sales,2026-06-04,18:31,Restaurant Adler,27.30,Personal_Card_Reimbursement,Daily_Expense
TX0347,EMP_100,Operations,2026-06-04,18:39,REWE Markt,35.29,Personal_Card_Reimbursement,Daily_Expense
TX0348,EMP_089,Consulting,2026-06-04,18:40,REWE Markt,37.89,Personal_Card_Reimbursement,Daily_Expense
TX0349,EMP_002,Sales,2026-06-04,18:41,REWE Markt,6.81,Personal_Card_Reimbursement,Daily_Expense
TX0350,EMP_089,Consulting,2026-06-04,18:41,REWE Markt,10.16,Personal_Card_Reimbursement,Daily_Expense
TX0351,EMP_024,Sales,2026-06-04,18:52,KLM,240.34,TMC_Corporate,Business_Trip
TX0352,EMP_086,Consulting,2026-06-04,19:40,Staples,20.86,Personal_Card_Reimbursement,Daily_Expense
TX0353,EMP_017,Sales,2026-06-04,19:43,Starbucks,10.88,Personal_Card_Reimbursement,Daily_Expense
TX0354,EMP_080,Consulting,2026-06-04,19:49,Pret A Manger,26.48,Personal_Card_Reimbursement,Daily_Expense
TX0355,EMP_031,Engineering,2026-06-04,19:53,Vapiano,17.36,Personal_Card_Reimbursement,Daily_Expense
TX0356,EMP_060,Marketing,2026-06-05,08:00,MVV,3.27,Personal_Card_Reimbursement,Daily_Expense
TX0357,EMP_011,Sales,2026-06-05,08:00,Metro Paris,3.37,Personal_Card_Reimbursement,Daily_Expense
TX0358,EMP_057,Marketing,2026-06-05,08:02,MVV,3.25,Personal_Card_Reimbursement,Daily_Expense
TX0359,EMP_030,Engineering,2026-06-05,08:04,MVV,2.70,Personal_Card_Reimbursement,Daily_Expense
TX0360,EMP_052,Engineering,2026-06-05,08:04,Uber BV,12.58,Personal_Card_Reimbursement,Daily_Expense
TX0361,EMP_062,Marketing,2026-06-05,08:05,Bolt Operations OU,9.82,Personal_Card_Reimbursement,Daily_Expense
TX0362,EMP_080,Consulting,2026-06-05,08:05,MVV,2.68,Personal_Card_Reimbursement,Daily_Expense
TX0363,EMP_054,Engineering,2026-06-05,08:06,MVV,3.23,Personal_Card_Reimbursement,Daily_Expense
TX0364,EMP_044,Engineering,2026-06-05,08:06,Wiener Linien,2.77,Personal_Card_Reimbursement,Daily_Expense
TX0365,EMP_068,Marketing,2026-06-05,08:09,Wiener Linien,3.02,Personal_Card_Reimbursement,Daily_Expense
TX0366,EMP_079,Consulting,2026-06-05,08:10,Wiener Linien,2.99,Personal_Card_Reimbursement,Daily_Expense
TX0367,EMP_049,Engineering,2026-06-05,08:11,Wiener Linien,2.38,Personal_Card_Reimbursement,Daily_Expense
TX0368,EMP_051,Engineering,2026-06-05,08:13,Free Now,10.85,Personal_Card_Reimbursement,Daily_Expense
TX0369,EMP_058,Marketing,2026-06-05,08:13,Wiener Linien,3.14,Personal_Card_Reimbursement,Daily_Expense
TX0370,EMP_016,Sales,2026-06-05,08:13,Metro Paris,3.13,Personal_Card_Reimbursement,Daily_Expense
TX0371,EMP_034,Engineering,2026-06-05,08:15,BVG,3.11,Personal_Card_Reimbursement,Daily_Expense
TX0372,EMP_093,Operations,2026-06-05,08:21,Wiener Linien,2.56,Personal_Card_Reimbursement,Daily_Expense
TX0373,EMP_028,Engineering,2026-06-05,08:22,MVV,2.03,Personal_Card_Reimbursement,Daily_Expense
TX0374,EMP_059,Marketing,2026-06-05,08:23,Bolt Operations OU,10.12,Personal_Card_Reimbursement,Daily_Expense
TX0375,EMP_096,Operations,2026-06-05,08:24,Wiener Linien,2.27,Personal_Card_Reimbursement,Daily_Expense
TX0376,EMP_046,Engineering,2026-06-05,08:27,BVG,2.61,Personal_Card_Reimbursement,Daily_Expense
TX0377,EMP_031,Engineering,2026-06-05,08:31,Free Now,11.98,Personal_Card_Reimbursement,Daily_Expense
TX0378,EMP_056,Marketing,2026-06-05,08:31,Bolt Operations OU,11.68,Personal_Card_Reimbursement,Daily_Expense
TX0379,EMP_027,Engineering,2026-06-05,08:32,Wiener Linien,3.22,Personal_Card_Reimbursement,Daily_Expense
TX0380,EMP_026,Engineering,2026-06-05,08:34,MVV,3.25,Personal_Card_Reimbursement,Daily_Expense
TX0381,EMP_047,Engineering,2026-06-05,08:35,Free Now,14.46,Personal_Card_Reimbursement,Daily_Expense
TX0382,EMP_043,Engineering,2026-06-05,08:36,BVG,2.61,Personal_Card_Reimbursement,Daily_Expense
TX0383,EMP_064,Marketing,2026-06-05,08:37,Wiener Linien,2.81,Personal_Card_Reimbursement,Daily_Expense
TX0384,EMP_010,Sales,2026-06-05,08:38,MVV,2.57,Personal_Card_Reimbursement,Daily_Expense
TX0385,EMP_041,Engineering,2026-06-05,08:39,Uber BV,10.30,Personal_Card_Reimbursement,Daily_Expense
TX0386,EMP_033,Engineering,2026-06-05,08:40,Metro Paris,2.98,Personal_Card_Reimbursement,Daily_Expense
TX0387,EMP_039,Engineering,2026-06-05,08:40,Wiener Linien,2.31,Personal_Card_Reimbursement,Daily_Expense
TX0388,EMP_063,Marketing,2026-06-05,08:40,MVV,2.40,Personal_Card_Reimbursement,Daily_Expense
TX0389,EMP_035,Engineering,2026-06-05,08:41,Bolt Operations OU,9.38,Personal_Card_Reimbursement,Daily_Expense
TX0390,EMP_061,Marketing,2026-06-05,08:41,Uber BV,14.69,Personal_Card_Reimbursement,Daily_Expense
TX0391,EMP_055,Engineering,2026-06-05,08:42,Bolt Operations OU,13.00,Personal_Card_Reimbursement,Daily_Expense
TX0392,EMP_032,Engineering,2026-06-05,08:44,Free Now,11.78,Personal_Card_Reimbursement,Daily_Expense
TX0393,EMP_084,Consulting,2026-06-05,08:48,Wiener Linien,2.85,Personal_Card_Reimbursement,Daily_Expense
TX0394,EMP_024,Sales,2026-06-05,11:09,Vapiano,26.21,Personal_Card_Reimbursement,Daily_Expense
TX0395,EMP_034,Engineering,2026-06-05,11:18,Vapiano,33.59,Personal_Card_Reimbursement,Daily_Expense
TX0396,EMP_069,Marketing,2026-06-05,12:02,REWE Markt,11.92,Personal_Card_Reimbursement,Daily_Expense
TX0397,EMP_046,Engineering,2026-06-05,12:18,Staples,62.44,Personal_Card_Reimbursement,Daily_Expense
TX0398,EMP_087,Consulting,2026-06-05,12:21,Pret A Manger,26.27,Personal_Card_Reimbursement,Daily_Expense
TX0399,EMP_059,Marketing,2026-06-05,12:44,Vapiano,33.35,Personal_Card_Reimbursement,Daily_Expense
TX0400,EMP_054,Engineering,2026-06-05,12:59,Restaurant Adler,23.26,Personal_Card_Reimbursement,Daily_Expense
TX0401,EMP_081,Consulting,2026-06-05,13:01,Restaurant Adler,21.91,Personal_Card_Reimbursement,Daily_Expense
TX0402,EMP_057,Marketing,2026-06-05,13:10,Starbucks,31.89,Personal_Card_Reimbursement,Daily_Expense
TX0403,EMP_054,Engineering,2026-06-05,13:13,REWE Markt,24.33,Personal_Card_Reimbursement,Daily_Expense
TX0404,EMP_008,Sales,2026-06-05,13:22,Starbucks,19.68,Personal_Card_Reimbursement,Daily_Expense
TX0405,EMP_019,Sales,2026-06-05,13:26,Starbucks,31.39,Personal_Card_Reimbursement,Daily_Expense
TX0406,EMP_074,Consulting,2026-06-05,13:33,Vapiano,9.66,Personal_Card_Reimbursement,Daily_Expense
TX0407,EMP_034,Engineering,2026-06-05,13:36,Pret A Manger,36.57,Personal_Card_Reimbursement,Daily_Expense
TX0408,EMP_035,Engineering,2026-06-05,14:05,Restaurant Adler,28.72,Personal_Card_Reimbursement,Daily_Expense
TX0409,EMP_017,Sales,2026-06-05,14:08,Pret A Manger,14.45,Personal_Card_Reimbursement,Daily_Expense
TX0410,EMP_025,Sales,2026-06-05,14:08,Restaurant Adler,33.11,Personal_Card_Reimbursement,Daily_Expense
TX0411,EMP_077,Consulting,2026-06-05,14:10,Vapiano,30.21,Personal_Card_Reimbursement,Daily_Expense
TX0412,EMP_020,Sales,2026-06-05,14:14,REWE Markt,16.48,Personal_Card_Reimbursement,Daily_Expense
TX0413,EMP_020,Sales,2026-06-05,14:33,Staples,82.23,Personal_Card_Reimbursement,Daily_Expense
TX0414,EMP_043,Engineering,2026-06-05,14:44,Vapiano,32.83,Personal_Card_Reimbursement,Daily_Expense
TX0415,EMP_035,Engineering,2026-06-05,14:45,Restaurant Adler,16.17,Personal_Card_Reimbursement,Daily_Expense
TX0416,EMP_028,Engineering,2026-06-05,14:50,Vapiano,11.52,Personal_Card_Reimbursement,Daily_Expense
TX0417,EMP_093,Operations,2026-06-05,14:55,REWE Markt,15.89,Personal_Card_Reimbursement,Daily_Expense
TX0418,EMP_076,Consulting,2026-06-05,14:56,Pret A Manger,8.33,Personal_Card_Reimbursement,Daily_Expense
TX0419,EMP_083,Consulting,2026-06-05,15:20,Starbucks,17.62,Personal_Card_Reimbursement,Daily_Expense
TX0420,EMP_036,Engineering,2026-06-05,15:31,Restaurant Adler,7.67,Personal_Card_Reimbursement,Daily_Expense
TX0421,EMP_019,Sales,2026-06-05,15:56,REWE Markt,18.34,Personal_Card_Reimbursement,Daily_Expense
TX0422,EMP_015,Sales,2026-06-05,16:02,Restaurant Adler,18.97,Personal_Card_Reimbursement,Daily_Expense
TX0423,EMP_019,Sales,2026-06-05,16:18,Starbucks,14.49,Personal_Card_Reimbursement,Daily_Expense
TX0424,EMP_074,Consulting,2026-06-05,16:28,REWE Markt,37.00,Personal_Card_Reimbursement,Daily_Expense
TX0425,EMP_005,Sales,2026-06-05,16:36,Restaurant Adler,37.23,Personal_Card_Reimbursement,Daily_Expense
TX0426,EMP_060,Marketing,2026-06-05,16:40,Pret A Manger,10.29,Personal_Card_Reimbursement,Daily_Expense
TX0427,EMP_064,Marketing,2026-06-05,16:50,Office Depot,51.36,Personal_Card_Reimbursement,Daily_Expense
TX0428,EMP_011,Sales,2026-06-05,17:04,Vapiano,13.06,Personal_Card_Reimbursement,Daily_Expense
TX0429,EMP_063,Marketing,2026-06-05,17:05,Vapiano,16.27,Personal_Card_Reimbursement,Daily_Expense
TX0430,EMP_041,Engineering,2026-06-05,17:26,Starbucks,30.02,Personal_Card_Reimbursement,Daily_Expense
TX0431,EMP_029,Engineering,2026-06-05,17:28,Vapiano,26.90,Personal_Card_Reimbursement,Daily_Expense
TX0432,EMP_019,Sales,2026-06-05,17:44,Vapiano,10.52,Personal_Card_Reimbursement,Daily_Expense
TX0433,EMP_077,Consulting,2026-06-05,17:49,Starbucks,29.59,Personal_Card_Reimbursement,Daily_Expense
TX0434,EMP_056,Marketing,2026-06-05,17:55,Pret A Manger,8.67,Personal_Card_Reimbursement,Daily_Expense
TX0435,EMP_067,Marketing,2026-06-05,18:05,Restaurant Adler,32.22,Personal_Card_Reimbursement,Daily_Expense
TX0436,EMP_062,Marketing,2026-06-05,18:06,Starbucks,10.78,Personal_Card_Reimbursement,Daily_Expense
TX0437,EMP_056,Marketing,2026-06-05,18:11,Vapiano,35.55,Personal_Card_Reimbursement,Daily_Expense
TX0438,EMP_088,Consulting,2026-06-05,18:22,Starbucks,37.87,Personal_Card_Reimbursement,Daily_Expense
TX0439,EMP_024,Sales,2026-06-05,18:25,Marriott Muenchen,109.67,Personal_Card_Reimbursement,Business_Trip
TX0440,EMP_047,Engineering,2026-06-05,18:29,Staples,68.64,Personal_Card_Reimbursement,Daily_Expense
TX0441,EMP_015,Sales,2026-06-05,18:31,Starbucks,26.79,Personal_Card_Reimbursement,Daily_Expense
TX0442,EMP_009,Sales,2026-06-05,18:53,Motel One Wien,191.76,TMC_Corporate,Business_Trip
TX0443,EMP_054,Engineering,2026-06-05,18:57,Restaurant Adler,7.27,Personal_Card_Reimbursement,Daily_Expense
TX0444,EMP_095,Operations,2026-06-05,18:58,Starbucks,26.23,Personal_Card_Reimbursement,Daily_Expense
TX0445,EMP_080,Consulting,2026-06-05,19:02,Staples,11.47,Personal_Card_Reimbursement,Daily_Expense
TX0446,EMP_088,Consulting,2026-06-05,19:05,Starbucks,21.93,Personal_Card_Reimbursement,Daily_Expense
TX0447,EMP_083,Consulting,2026-06-05,19:18,REWE Markt,5.97,Personal_Card_Reimbursement,Daily_Expense
TX0448,EMP_041,Engineering,2026-06-05,19:32,Starbucks,36.99,Personal_Card_Reimbursement,Daily_Expense
TX0449,EMP_070,Marketing,2026-06-05,19:43,Vapiano,26.18,Personal_Card_Reimbursement,Daily_Expense
TX0450,EMP_026,Engineering,2026-06-05,19:58,Restaurant Adler,27.41,Personal_Card_Reimbursement,Daily_Expense
TX0451,EMP_093,Operations,2026-06-05,19:59,Pret A Manger,7.81,Personal_Card_Reimbursement,Daily_Expense
TX0452,EMP_009,Sales,2026-06-05,20:56,SNCF,54.31,TMC_Corporate,Business_Trip
TX0453,EMP_044,Engineering,2026-06-08,07:01,K+M Mobility Services,131.53,Personal_Card_Reimbursement,Daily_Expense
TX0454,EMP_029,Engineering,2026-06-08,08:00,BVG,2.23,Personal_Card_Reimbursement,Daily_Expense
TX0455,EMP_038,Engineering,2026-06-08,08:00,Uber BV,12.86,Personal_Card_Reimbursement,Daily_Expense
TX0456,EMP_062,Marketing,2026-06-08,08:00,Bolt Operations OU,10.44,Personal_Card_Reimbursement,Daily_Expense
TX0457,EMP_080,Consulting,2026-06-08,08:00,MVV,2.65,Personal_Card_Reimbursement,Daily_Expense
TX0458,EMP_054,Engineering,2026-06-08,08:02,MVV,3.01,Personal_Card_Reimbursement,Daily_Expense
TX0459,EMP_060,Marketing,2026-06-08,08:02,MVV,3.47,Personal_Card_Reimbursement,Daily_Expense
TX0460,EMP_068,Marketing,2026-06-08,08:06,Wiener Linien,3.20,Personal_Card_Reimbursement,Daily_Expense
TX0461,EMP_058,Marketing,2026-06-08,08:07,Wiener Linien,3.43,Personal_Card_Reimbursement,Daily_Expense
TX0462,EMP_051,Engineering,2026-06-08,08:08,Free Now,11.19,Personal_Card_Reimbursement,Daily_Expense
TX0463,EMP_037,Engineering,2026-06-08,08:09,Uber BV,13.61,Personal_Card_Reimbursement,Daily_Expense
TX0464,EMP_007,Sales,2026-06-08,08:10,MVV,3.22,Personal_Card_Reimbursement,Daily_Expense
TX0465,EMP_049,Engineering,2026-06-08,08:12,Wiener Linien,2.86,Personal_Card_Reimbursement,Daily_Expense
TX0466,EMP_052,Engineering,2026-06-08,08:14,Uber BV,13.99,Personal_Card_Reimbursement,Daily_Expense
TX0467,EMP_093,Operations,2026-06-08,08:19,Wiener Linien,2.69,Personal_Card_Reimbursement,Daily_Expense
TX0468,EMP_028,Engineering,2026-06-08,08:21,MVV,2.76,Personal_Card_Reimbursement,Daily_Expense
TX0469,EMP_056,Marketing,2026-06-08,08:21,Bolt Operations OU,14.50,Personal_Card_Reimbursement,Daily_Expense
TX0470,EMP_069,Marketing,2026-06-08,08:21,Free Now,14.16,Personal_Card_Reimbursement,Daily_Expense
TX0471,EMP_059,Marketing,2026-06-08,08:22,Bolt Operations OU,10.77,Personal_Card_Reimbursement,Daily_Expense
TX0472,EMP_027,Engineering,2026-06-08,08:24,Wiener Linien,3.06,Personal_Card_Reimbursement,Daily_Expense
TX0473,EMP_096,Operations,2026-06-08,08:27,Wiener Linien,2.50,Personal_Card_Reimbursement,Daily_Expense
TX0474,EMP_042,Engineering,2026-06-08,08:35,Uber BV,12.31,Personal_Card_Reimbursement,Daily_Expense
TX0475,EMP_070,Marketing,2026-06-08,08:35,Metro Paris,3.02,Personal_Card_Reimbursement,Daily_Expense
TX0476,EMP_033,Engineering,2026-06-08,08:36,Metro Paris,2.01,Personal_Card_Reimbursement,Daily_Expense
TX0477,EMP_031,Engineering,2026-06-08,08:36,Free Now,11.28,Personal_Card_Reimbursement,Daily_Expense
TX0478,EMP_055,Engineering,2026-06-08,08:38,Bolt Operations OU,10.73,Personal_Card_Reimbursement,Daily_Expense
TX0479,EMP_043,Engineering,2026-06-08,08:40,BVG,2.10,Personal_Card_Reimbursement,Daily_Expense
TX0480,EMP_064,Marketing,2026-06-08,08:40,Wiener Linien,2.06,Personal_Card_Reimbursement,Daily_Expense
TX0481,EMP_039,Engineering,2026-06-08,08:41,Wiener Linien,3.16,Personal_Card_Reimbursement,Daily_Expense
TX0482,EMP_010,Sales,2026-06-08,08:42,MVV,3.09,Personal_Card_Reimbursement,Daily_Expense
TX0483,EMP_084,Consulting,2026-06-08,08:42,Wiener Linien,2.06,Personal_Card_Reimbursement,Daily_Expense
TX0484,EMP_047,Engineering,2026-06-08,08:45,Free Now,11.46,Personal_Card_Reimbursement,Daily_Expense
TX0485,EMP_041,Engineering,2026-06-08,08:45,Uber BV,9.89,Personal_Card_Reimbursement,Daily_Expense
TX0486,EMP_063,Marketing,2026-06-08,08:48,MVV,3.51,Personal_Card_Reimbursement,Daily_Expense
TX0487,EMP_048,Engineering,2026-06-08,08:49,Bolt Operations OU,9.31,Personal_Card_Reimbursement,Daily_Expense
TX0488,EMP_085,Consulting,2026-06-08,11:15,REWE Markt,7.25,Personal_Card_Reimbursement,Daily_Expense
TX0489,EMP_065,Marketing,2026-06-08,11:24,REWE Markt,16.46,Personal_Card_Reimbursement,Daily_Expense
TX0490,EMP_028,Engineering,2026-06-08,11:28,K+M Mobility Services,13.41,Personal_Card_Reimbursement,Daily_Expense
TX0491,EMP_058,Marketing,2026-06-08,11:29,REWE Markt,11.05,Personal_Card_Reimbursement,Daily_Expense
TX0492,EMP_016,Sales,2026-06-08,11:35,Restaurant Adler,27.64,Personal_Card_Reimbursement,Daily_Expense
TX0493,EMP_023,Sales,2026-06-08,11:41,Staples,83.81,Personal_Card_Reimbursement,Daily_Expense
TX0494,EMP_015,Sales,2026-06-08,11:54,Staples,73.97,Personal_Card_Reimbursement,Daily_Expense
TX0495,EMP_079,Consulting,2026-06-08,12:07,REWE Markt,6.17,Personal_Card_Reimbursement,Daily_Expense
TX0496,EMP_013,Sales,2026-06-08,12:13,Pret A Manger,22.13,Personal_Card_Reimbursement,Daily_Expense
TX0497,EMP_010,Sales,2026-06-08,12:24,Starbucks,28.99,Personal_Card_Reimbursement,Daily_Expense
TX0498,EMP_028,Engineering,2026-06-08,12:27,Staples,65.99,Personal_Card_Reimbursement,Daily_Expense
TX0499,EMP_044,Engineering,2026-06-08,12:35,Pret A Manger,9.47,Personal_Card_Reimbursement,Daily_Expense
TX0500,EMP_057,Marketing,2026-06-08,12:38,Restaurant Adler,36.50,Personal_Card_Reimbursement,Daily_Expense
TX0501,EMP_015,Sales,2026-06-08,12:40,REWE Markt,14.02,Personal_Card_Reimbursement,Daily_Expense
TX0502,EMP_061,Marketing,2026-06-08,12:42,Restaurant Adler,11.05,Personal_Card_Reimbursement,Daily_Expense
TX0503,EMP_056,Marketing,2026-06-08,13:12,Starbucks,16.74,Personal_Card_Reimbursement,Daily_Expense
TX0504,EMP_039,Engineering,2026-06-08,13:18,Staples,80.12,Personal_Card_Reimbursement,Daily_Expense
TX0505,EMP_041,Engineering,2026-06-08,13:20,Pret A Manger,20.58,Personal_Card_Reimbursement,Daily_Expense
TX0506,EMP_051,Engineering,2026-06-08,13:34,Office Depot,49.36,Personal_Card_Reimbursement,Daily_Expense
TX0507,EMP_030,Engineering,2026-06-08,13:45,Vapiano,19.99,Personal_Card_Reimbursement,Daily_Expense
TX0508,EMP_021,Sales,2026-06-08,13:47,REWE Markt,36.26,Personal_Card_Reimbursement,Daily_Expense
TX0509,EMP_028,Engineering,2026-06-08,13:51,Vapiano,6.01,Personal_Card_Reimbursement,Daily_Expense
TX0510,EMP_034,Engineering,2026-06-08,14:11,Starbucks,32.82,Personal_Card_Reimbursement,Daily_Expense
TX0511,EMP_022,Sales,2026-06-08,14:42,Starbucks,8.25,Personal_Card_Reimbursement,Daily_Expense
TX0512,EMP_058,Marketing,2026-06-08,14:52,REWE Markt,8.46,Personal_Card_Reimbursement,Daily_Expense
TX0513,EMP_071,Consulting,2026-06-08,14:57,Starbucks,14.67,Personal_Card_Reimbursement,Daily_Expense
TX0514,EMP_033,Engineering,2026-06-08,15:03,Vapiano,13.66,Personal_Card_Reimbursement,Daily_Expense
TX0515,EMP_021,Sales,2026-06-08,15:12,Pret A Manger,24.97,Personal_Card_Reimbursement,Daily_Expense
TX0516,EMP_013,Sales,2026-06-08,15:30,Vapiano,11.33,Personal_Card_Reimbursement,Daily_Expense
TX0517,EMP_037,Engineering,2026-06-08,15:36,Starbucks,29.50,Personal_Card_Reimbursement,Daily_Expense
TX0518,EMP_054,Engineering,2026-06-08,15:38,Starbucks,11.48,Personal_Card_Reimbursement,Daily_Expense
TX0519,EMP_091,Operations,2026-06-08,15:45,Starbucks,18.64,Personal_Card_Reimbursement,Daily_Expense
TX0520,EMP_019,Sales,2026-06-08,15:46,Vapiano,18.27,Personal_Card_Reimbursement,Daily_Expense
TX0521,EMP_085,Consulting,2026-06-08,16:27,Starbucks,22.63,Personal_Card_Reimbursement,Daily_Expense
TX0522,EMP_075,Consulting,2026-06-08,16:32,Restaurant Adler,7.52,Personal_Card_Reimbursement,Daily_Expense
TX0523,EMP_032,Engineering,2026-06-08,16:34,Pret A Manger,14.59,Personal_Card_Reimbursement,Daily_Expense
TX0524,EMP_084,Consulting,2026-06-08,16:45,Vapiano,22.44,Personal_Card_Reimbursement,Daily_Expense
TX0525,EMP_094,Operations,2026-06-08,16:49,Starbucks,25.07,Personal_Card_Reimbursement,Daily_Expense
TX0526,EMP_034,Engineering,2026-06-08,17:38,Vapiano,17.64,Personal_Card_Reimbursement,Daily_Expense
TX0527,EMP_026,Engineering,2026-06-08,17:42,Pret A Manger,5.34,Personal_Card_Reimbursement,Daily_Expense
TX0528,EMP_018,Sales,2026-06-08,17:48,Vapiano,11.69,Personal_Card_Reimbursement,Daily_Expense
TX0529,EMP_002,Sales,2026-06-08,17:50,REWE Markt,23.88,Personal_Card_Reimbursement,Daily_Expense
TX0530,EMP_027,Engineering,2026-06-08,17:50,Restaurant Adler,25.47,Personal_Card_Reimbursement,Daily_Expense
TX0531,EMP_070,Marketing,2026-06-08,17:58,Pret A Manger,22.28,Personal_Card_Reimbursement,Daily_Expense
TX0532,EMP_044,Engineering,2026-06-08,18:17,REWE Markt,17.63,Personal_Card_Reimbursement,Daily_Expense
TX0533,EMP_032,Engineering,2026-06-08,18:24,Restaurant Adler,28.93,Personal_Card_Reimbursement,Daily_Expense
TX0534,EMP_014,Sales,2026-06-08,18:26,Vapiano,36.98,Personal_Card_Reimbursement,Daily_Expense
TX0535,EMP_015,Sales,2026-06-08,18:31,Restaurant Adler,29.12,Personal_Card_Reimbursement,Daily_Expense
TX0536,EMP_069,Marketing,2026-06-08,18:32,Starbucks,30.71,Personal_Card_Reimbursement,Daily_Expense
TX0537,EMP_063,Marketing,2026-06-08,18:36,Vapiano,36.25,Personal_Card_Reimbursement,Daily_Expense
TX0538,EMP_084,Consulting,2026-06-08,18:40,REWE Markt,7.10,Personal_Card_Reimbursement,Daily_Expense
TX0539,EMP_054,Engineering,2026-06-08,18:45,Restaurant Adler,21.20,Personal_Card_Reimbursement,Daily_Expense
TX0540,EMP_100,Operations,2026-06-08,18:50,REWE Markt,29.99,Personal_Card_Reimbursement,Daily_Expense
TX0541,EMP_071,Consulting,2026-06-08,18:50,Office Depot,78.20,Personal_Card_Reimbursement,Daily_Expense
TX0542,EMP_029,Engineering,2026-06-08,19:10,Vapiano,6.32,Personal_Card_Reimbursement,Daily_Expense
TX0543,EMP_056,Marketing,2026-06-08,19:20,REWE Markt,4.82,Personal_Card_Reimbursement,Daily_Expense
TX0544,EMP_085,Consulting,2026-06-08,19:24,Starbucks,8.73,Personal_Card_Reimbursement,Daily_Expense
TX0545,EMP_009,Sales,2026-06-08,20:14,Hilton Hotel Berlin,93.05,Personal_Card_Reimbursement,Business_Trip
TX0546,EMP_029,Engineering,2026-06-09,08:00,BVG,2.90,Personal_Card_Reimbursement,Daily_Expense
TX0547,EMP_057,Marketing,2026-06-09,08:00,MVV,2.29,Personal_Card_Reimbursement,Daily_Expense
TX0548,EMP_067,Marketing,2026-06-09,08:00,BVG,2.10,Personal_Card_Reimbursement,Daily_Expense
TX0549,EMP_044,Engineering,2026-06-09,08:03,Wiener Linien,2.52,Personal_Card_Reimbursement,Daily_Expense
TX0550,EMP_080,Consulting,2026-06-09,08:04,MVV,3.05,Personal_Card_Reimbursement,Daily_Expense
TX0551,EMP_054,Engineering,2026-06-09,08:05,MVV,2.61,Personal_Card_Reimbursement,Daily_Expense
TX0552,EMP_007,Sales,2026-06-09,08:05,MVV,3.01,Personal_Card_Reimbursement,Daily_Expense
TX0553,EMP_034,Engineering,2026-06-09,08:06,BVG,3.15,Personal_Card_Reimbursement,Daily_Expense
TX0554,EMP_060,Marketing,2026-06-09,08:06,MVV,2.22,Personal_Card_Reimbursement,Daily_Expense
TX0555,EMP_062,Marketing,2026-06-09,08:06,Bolt Operations OU,12.19,Personal_Card_Reimbursement,Daily_Expense
TX0556,EMP_030,Engineering,2026-06-09,08:07,MVV,3.15,Personal_Card_Reimbursement,Daily_Expense
TX0557,EMP_079,Consulting,2026-06-09,08:08,Wiener Linien,2.69,Personal_Card_Reimbursement,Daily_Expense
TX0558,EMP_038,Engineering,2026-06-09,08:11,Uber BV,12.95,Personal_Card_Reimbursement,Daily_Expense
TX0559,EMP_052,Engineering,2026-06-09,08:13,Uber BV,14.42,Personal_Card_Reimbursement,Daily_Expense
TX0560,EMP_016,Sales,2026-06-09,08:13,Metro Paris,3.24,Personal_Card_Reimbursement,Daily_Expense
TX0561,EMP_093,Operations,2026-06-09,08:13,Wiener Linien,2.33,Personal_Card_Reimbursement,Daily_Expense
TX0562,EMP_058,Marketing,2026-06-09,08:15,Wiener Linien,3.48,Personal_Card_Reimbursement,Daily_Expense
TX0563,EMP_051,Engineering,2026-06-09,08:17,Free Now,10.77,Personal_Card_Reimbursement,Daily_Expense
TX0564,EMP_096,Operations,2026-06-09,08:20,Wiener Linien,3.38,Personal_Card_Reimbursement,Daily_Expense
TX0565,EMP_027,Engineering,2026-06-09,08:24,Wiener Linien,2.88,Personal_Card_Reimbursement,Daily_Expense
TX0566,EMP_026,Engineering,2026-06-09,08:27,MVV,2.78,Personal_Card_Reimbursement,Daily_Expense
TX0567,EMP_056,Marketing,2026-06-09,08:28,Bolt Operations OU,12.29,Personal_Card_Reimbursement,Daily_Expense
TX0568,EMP_069,Marketing,2026-06-09,08:28,Free Now,12.22,Personal_Card_Reimbursement,Daily_Expense
TX0569,EMP_033,Engineering,2026-06-09,08:30,Metro Paris,3.06,Personal_Card_Reimbursement,Daily_Expense
TX0570,EMP_039,Engineering,2026-06-09,08:30,Wiener Linien,2.45,Personal_Card_Reimbursement,Daily_Expense
TX0571,EMP_028,Engineering,2026-06-09,08:31,MVV,2.35,Personal_Card_Reimbursement,Daily_Expense
TX0572,EMP_046,Engineering,2026-06-09,08:33,BVG,3.29,Personal_Card_Reimbursement,Daily_Expense
TX0573,EMP_043,Engineering,2026-06-09,08:34,BVG,2.75,Personal_Card_Reimbursement,Daily_Expense
TX0574,EMP_055,Engineering,2026-06-09,08:35,Bolt Operations OU,11.65,Personal_Card_Reimbursement,Daily_Expense
TX0575,EMP_031,Engineering,2026-06-09,08:35,Free Now,12.35,Personal_Card_Reimbursement,Daily_Expense
TX0576,EMP_035,Engineering,2026-06-09,08:36,Bolt Operations OU,11.45,Personal_Card_Reimbursement,Daily_Expense
TX0577,EMP_070,Marketing,2026-06-09,08:36,Metro Paris,3.00,Personal_Card_Reimbursement,Daily_Expense
TX0578,EMP_064,Marketing,2026-06-09,08:36,Wiener Linien,2.76,Personal_Card_Reimbursement,Daily_Expense
TX0579,EMP_010,Sales,2026-06-09,08:36,MVV,3.24,Personal_Card_Reimbursement,Daily_Expense
TX0580,EMP_061,Marketing,2026-06-09,08:37,Uber BV,11.56,Personal_Card_Reimbursement,Daily_Expense
TX0581,EMP_041,Engineering,2026-06-09,08:38,Uber BV,14.15,Personal_Card_Reimbursement,Daily_Expense
TX0582,EMP_042,Engineering,2026-06-09,08:40,Uber BV,12.60,Personal_Card_Reimbursement,Daily_Expense
TX0583,EMP_048,Engineering,2026-06-09,08:40,Bolt Operations OU,9.40,Personal_Card_Reimbursement,Daily_Expense
TX0584,EMP_063,Marketing,2026-06-09,08:41,MVV,3.54,Personal_Card_Reimbursement,Daily_Expense
TX0585,EMP_053,Engineering,2026-06-09,08:42,Metro Paris,2.65,Personal_Card_Reimbursement,Daily_Expense
TX0586,EMP_032,Engineering,2026-06-09,08:44,Free Now,14.54,Personal_Card_Reimbursement,Daily_Expense
TX0587,EMP_084,Consulting,2026-06-09,08:46,Wiener Linien,3.30,Personal_Card_Reimbursement,Daily_Expense
TX0588,EMP_031,Engineering,2026-06-09,11:00,Pret A Manger,4.55,Personal_Card_Reimbursement,Daily_Expense
TX0589,EMP_067,Marketing,2026-06-09,11:07,Starbucks,21.09,Personal_Card_Reimbursement,Daily_Expense
TX0590,EMP_038,Engineering,2026-06-09,11:15,Restaurant Adler,16.78,Personal_Card_Reimbursement,Daily_Expense
TX0591,EMP_078,Consulting,2026-06-09,11:16,Restaurant Adler,35.61,Personal_Card_Reimbursement,Daily_Expense
TX0592,EMP_020,Sales,2026-06-09,11:18,Vapiano,36.37,Personal_Card_Reimbursement,Daily_Expense
TX0593,EMP_100,Operations,2026-06-09,11:48,REWE Markt,8.47,Personal_Card_Reimbursement,Daily_Expense
TX0594,EMP_005,Sales,2026-06-09,12:02,REWE Markt,20.50,Personal_Card_Reimbursement,Daily_Expense
TX0595,EMP_030,Engineering,2026-06-09,12:07,Staples,39.91,Personal_Card_Reimbursement,Daily_Expense
TX0596,EMP_026,Engineering,2026-06-09,12:21,Office Depot,82.68,Personal_Card_Reimbursement,Daily_Expense
TX0597,EMP_004,Sales,2026-06-09,12:30,Starbucks,25.70,Personal_Card_Reimbursement,Daily_Expense
TX0598,EMP_096,Operations,2026-06-09,12:43,Office Depot,10.73,Personal_Card_Reimbursement,Daily_Expense
TX0599,EMP_069,Marketing,2026-06-09,12:46,REWE Markt,28.94,Personal_Card_Reimbursement,Daily_Expense
TX0600,EMP_056,Marketing,2026-06-09,12:53,Starbucks,25.61,Personal_Card_Reimbursement,Daily_Expense
TX0601,EMP_087,Consulting,2026-06-09,13:01,REWE Markt,10.13,Personal_Card_Reimbursement,Daily_Expense
TX0602,EMP_003,Sales,2026-06-09,13:41,Starbucks,11.11,Personal_Card_Reimbursement,Daily_Expense
TX0603,EMP_078,Consulting,2026-06-09,13:42,REWE Markt,34.64,Personal_Card_Reimbursement,Daily_Expense
TX0604,EMP_078,Consulting,2026-06-09,13:43,Vapiano,14.00,Personal_Card_Reimbursement,Daily_Expense
TX0605,EMP_074,Consulting,2026-06-09,14:17,Pret A Manger,26.01,Personal_Card_Reimbursement,Daily_Expense
TX0606,EMP_093,Operations,2026-06-09,14:19,Pret A Manger,18.42,Personal_Card_Reimbursement,Daily_Expense
TX0607,EMP_004,Sales,2026-06-09,14:56,Vapiano,13.66,Personal_Card_Reimbursement,Daily_Expense
TX0608,EMP_044,Engineering,2026-06-09,14:56,Staples,63.52,Personal_Card_Reimbursement,Daily_Expense
TX0609,EMP_017,Sales,2026-06-09,15:00,Starbucks,25.17,Personal_Card_Reimbursement,Daily_Expense
TX0610,EMP_081,Consulting,2026-06-09,15:02,REWE Markt,32.58,Personal_Card_Reimbursement,Daily_Expense
TX0611,EMP_067,Marketing,2026-06-09,15:10,Vapiano,27.92,Personal_Card_Reimbursement,Daily_Expense
TX0612,EMP_095,Operations,2026-06-09,15:13,Pret A Manger,29.00,Personal_Card_Reimbursement,Daily_Expense
TX0613,EMP_020,Sales,2026-06-09,15:26,Staples,60.42,Personal_Card_Reimbursement,Daily_Expense
TX0614,EMP_069,Marketing,2026-06-09,15:36,Restaurant Adler,13.02,Personal_Card_Reimbursement,Daily_Expense
TX0615,EMP_024,Sales,2026-06-09,15:55,Starbucks,6.66,Personal_Card_Reimbursement,Daily_Expense
TX0616,EMP_042,Engineering,2026-06-09,16:04,Vapiano,24.16,Personal_Card_Reimbursement,Daily_Expense
TX0617,EMP_030,Engineering,2026-06-09,16:09,Pret A Manger,32.44,Personal_Card_Reimbursement,Daily_Expense
TX0618,EMP_070,Marketing,2026-06-09,16:16,Starbucks,10.69,Personal_Card_Reimbursement,Daily_Expense
TX0619,EMP_087,Consulting,2026-06-09,16:23,Pret A Manger,23.75,Personal_Card_Reimbursement,Daily_Expense
TX0620,EMP_036,Engineering,2026-06-09,16:38,Restaurant Adler,10.35,Personal_Card_Reimbursement,Daily_Expense
TX0621,EMP_076,Consulting,2026-06-09,16:44,Restaurant Adler,7.07,Personal_Card_Reimbursement,Daily_Expense
TX0622,EMP_057,Marketing,2026-06-09,16:46,Starbucks,27.43,Personal_Card_Reimbursement,Daily_Expense
TX0623,EMP_024,Sales,2026-06-09,16:47,Uber BV,312.23,Personal_Card_Reimbursement,Business_Trip
TX0624,EMP_056,Marketing,2026-06-09,16:56,Restaurant Adler,21.16,Personal_Card_Reimbursement,Daily_Expense
TX0625,EMP_097,Operations,2026-06-09,17:01,Starbucks,36.23,Personal_Card_Reimbursement,Daily_Expense
TX0626,EMP_022,Sales,2026-06-09,17:05,Vapiano,8.29,Personal_Card_Reimbursement,Daily_Expense
TX0627,EMP_029,Engineering,2026-06-09,17:13,Restaurant Adler,33.35,Personal_Card_Reimbursement,Daily_Expense
TX0628,EMP_086,Consulting,2026-06-09,17:20,REWE Markt,12.02,Personal_Card_Reimbursement,Daily_Expense
TX0629,EMP_098,Operations,2026-06-09,17:28,REWE Markt,37.42,Personal_Card_Reimbursement,Daily_Expense
TX0630,EMP_014,Sales,2026-06-09,17:41,Pret A Manger,32.18,Personal_Card_Reimbursement,Daily_Expense
TX0631,EMP_037,Engineering,2026-06-09,18:00,Starbucks,31.85,Personal_Card_Reimbursement,Daily_Expense
TX0632,EMP_009,Sales,2026-06-09,18:06,REWE Markt,14.25,Personal_Card_Reimbursement,Daily_Expense
TX0633,EMP_047,Engineering,2026-06-09,18:32,REWE Markt,16.52,Personal_Card_Reimbursement,Daily_Expense
TX0634,EMP_016,Sales,2026-06-09,18:43,Office Depot,63.39,Personal_Card_Reimbursement,Daily_Expense
TX0635,EMP_028,Engineering,2026-06-09,19:00,Restaurant Adler,9.84,Personal_Card_Reimbursement,Daily_Expense
TX0636,EMP_090,Consulting,2026-06-09,19:05,Restaurant Adler,5.98,Personal_Card_Reimbursement,Daily_Expense
TX0637,EMP_093,Operations,2026-06-09,19:07,Starbucks,17.98,Personal_Card_Reimbursement,Daily_Expense
TX0638,EMP_009,Sales,2026-06-09,19:08,City Parkhaus 24,199.69,Personal_Card_Reimbursement,Daily_Expense
TX0639,EMP_050,Engineering,2026-06-09,19:09,Vapiano,27.23,Personal_Card_Reimbursement,Daily_Expense
TX0640,EMP_017,Sales,2026-06-09,19:28,Restaurant Adler,25.75,Personal_Card_Reimbursement,Daily_Expense
TX0641,EMP_051,Engineering,2026-06-09,19:30,REWE Markt,22.77,Personal_Card_Reimbursement,Daily_Expense
TX0642,EMP_093,Operations,2026-06-09,19:48,Starbucks,11.95,Personal_Card_Reimbursement,Daily_Expense
TX0643,EMP_076,Consulting,2026-06-09,19:57,Vapiano,22.75,Personal_Card_Reimbursement,Daily_Expense
TX0644,EMP_077,Consulting,2026-06-10,07:51,QuickPark Flughafen,119.30,Personal_Card_Reimbursement,Business_Trip
TX0645,EMP_054,Engineering,2026-06-10,08:00,MVV,3.05,Personal_Card_Reimbursement,Daily_Expense
TX0646,EMP_060,Marketing,2026-06-10,08:00,MVV,2.98,Personal_Card_Reimbursement,Daily_Expense
TX0647,EMP_062,Marketing,2026-06-10,08:01,Bolt Operations OU,9.60,Personal_Card_Reimbursement,Daily_Expense
TX0648,EMP_080,Consulting,2026-06-10,08:01,MVV,2.98,Personal_Card_Reimbursement,Daily_Expense
TX0649,EMP_030,Engineering,2026-06-10,08:02,MVV,2.32,Personal_Card_Reimbursement,Daily_Expense
TX0650,EMP_057,Marketing,2026-06-10,08:02,MVV,3.24,Personal_Card_Reimbursement,Daily_Expense
TX0651,EMP_034,Engineering,2026-06-10,08:04,BVG,2.35,Personal_Card_Reimbursement,Daily_Expense
TX0652,EMP_037,Engineering,2026-06-10,08:04,Uber BV,14.33,Personal_Card_Reimbursement,Daily_Expense
TX0653,EMP_029,Engineering,2026-06-10,08:05,BVG,2.69,Personal_Card_Reimbursement,Daily_Expense
TX0654,EMP_067,Marketing,2026-06-10,08:06,BVG,2.90,Personal_Card_Reimbursement,Daily_Expense
TX0655,EMP_058,Marketing,2026-06-10,08:08,Wiener Linien,2.58,Personal_Card_Reimbursement,Daily_Expense
TX0656,EMP_011,Sales,2026-06-10,08:10,Metro Paris,3.44,Personal_Card_Reimbursement,Daily_Expense
TX0657,EMP_038,Engineering,2026-06-10,08:11,Uber BV,10.08,Personal_Card_Reimbursement,Daily_Expense
TX0658,EMP_016,Sales,2026-06-10,08:11,Metro Paris,3.04,Personal_Card_Reimbursement,Daily_Expense
TX0659,EMP_052,Engineering,2026-06-10,08:12,Uber BV,11.47,Personal_Card_Reimbursement,Daily_Expense
TX0660,EMP_007,Sales,2026-06-10,08:12,MVV,2.01,Personal_Card_Reimbursement,Daily_Expense
TX0661,EMP_049,Engineering,2026-06-10,08:13,Wiener Linien,2.76,Personal_Card_Reimbursement,Daily_Expense
TX0662,EMP_068,Marketing,2026-06-10,08:16,Wiener Linien,2.97,Personal_Card_Reimbursement,Daily_Expense
TX0663,EMP_051,Engineering,2026-06-10,08:18,Free Now,10.20,Personal_Card_Reimbursement,Daily_Expense
TX0664,EMP_059,Marketing,2026-06-10,08:18,Bolt Operations OU,14.14,Personal_Card_Reimbursement,Daily_Expense
TX0665,EMP_069,Marketing,2026-06-10,08:20,Free Now,14.87,Personal_Card_Reimbursement,Daily_Expense
TX0666,EMP_056,Marketing,2026-06-10,08:22,Bolt Operations OU,12.22,Personal_Card_Reimbursement,Daily_Expense
TX0667,EMP_096,Operations,2026-06-10,08:26,Wiener Linien,2.31,Personal_Card_Reimbursement,Daily_Expense
TX0668,EMP_046,Engineering,2026-06-10,08:28,BVG,2.20,Personal_Card_Reimbursement,Daily_Expense
TX0669,EMP_028,Engineering,2026-06-10,08:29,MVV,2.59,Personal_Card_Reimbursement,Daily_Expense
TX0670,EMP_070,Marketing,2026-06-10,08:29,Metro Paris,2.80,Personal_Card_Reimbursement,Daily_Expense
TX0671,EMP_027,Engineering,2026-06-10,08:31,Wiener Linien,2.72,Personal_Card_Reimbursement,Daily_Expense
TX0672,EMP_064,Marketing,2026-06-10,08:31,Wiener Linien,3.43,Personal_Card_Reimbursement,Daily_Expense
TX0673,EMP_033,Engineering,2026-06-10,08:39,Metro Paris,3.42,Personal_Card_Reimbursement,Daily_Expense
TX0674,EMP_047,Engineering,2026-06-10,08:39,Free Now,13.69,Personal_Card_Reimbursement,Daily_Expense
TX0675,EMP_032,Engineering,2026-06-10,08:40,Free Now,14.92,Personal_Card_Reimbursement,Daily_Expense
TX0676,EMP_061,Marketing,2026-06-10,08:40,Uber BV,11.07,Personal_Card_Reimbursement,Daily_Expense
TX0677,EMP_035,Engineering,2026-06-10,08:41,Bolt Operations OU,9.22,Personal_Card_Reimbursement,Daily_Expense
TX0678,EMP_053,Engineering,2026-06-10,08:42,Metro Paris,3.37,Personal_Card_Reimbursement,Daily_Expense
TX0679,EMP_048,Engineering,2026-06-10,08:43,Bolt Operations OU,11.32,Personal_Card_Reimbursement,Daily_Expense
TX0680,EMP_043,Engineering,2026-06-10,08:46,BVG,2.67,Personal_Card_Reimbursement,Daily_Expense
TX0681,EMP_084,Consulting,2026-06-10,08:49,Wiener Linien,2.14,Personal_Card_Reimbursement,Daily_Expense
TX0682,EMP_064,Marketing,2026-06-10,11:06,Office Depot,85.39,Personal_Card_Reimbursement,Daily_Expense
TX0683,EMP_090,Consulting,2026-06-10,11:23,Restaurant Adler,9.76,Personal_Card_Reimbursement,Daily_Expense
TX0684,EMP_006,Sales,2026-06-10,11:35,Vapiano,22.29,Personal_Card_Reimbursement,Daily_Expense
TX0685,EMP_030,Engineering,2026-06-10,11:37,Restaurant Adler,11.18,Personal_Card_Reimbursement,Daily_Expense
TX0686,EMP_053,Engineering,2026-06-10,11:38,Starbucks,24.76,Personal_Card_Reimbursement,Daily_Expense
TX0687,EMP_016,Sales,2026-06-10,11:40,Office Depot,77.96,Personal_Card_Reimbursement,Daily_Expense
TX0688,EMP_064,Marketing,2026-06-10,11:44,Pret A Manger,22.99,Personal_Card_Reimbursement,Daily_Expense
TX0689,EMP_010,Sales,2026-06-10,12:10,City Parkhaus 24,181.84,Personal_Card_Reimbursement,Daily_Expense
TX0690,EMP_057,Marketing,2026-06-10,12:22,Restaurant Adler,20.47,Personal_Card_Reimbursement,Daily_Expense
TX0691,EMP_068,Marketing,2026-06-10,12:34,REWE Markt,10.65,Personal_Card_Reimbursement,Daily_Expense
TX0692,EMP_030,Engineering,2026-06-10,12:44,Staples,12.09,Personal_Card_Reimbursement,Daily_Expense
TX0693,EMP_052,Engineering,2026-06-10,12:45,Restaurant Adler,29.26,Personal_Card_Reimbursement,Daily_Expense
TX0694,EMP_050,Engineering,2026-06-10,13:13,Staples,45.21,Personal_Card_Reimbursement,Daily_Expense
TX0695,EMP_085,Consulting,2026-06-10,13:35,REWE Markt,25.26,Personal_Card_Reimbursement,Daily_Expense
TX0696,EMP_077,Consulting,2026-06-10,13:45,Vapiano,14.17,Personal_Card_Reimbursement,Daily_Expense
TX0697,EMP_093,Operations,2026-06-10,14:33,Pret A Manger,17.10,Personal_Card_Reimbursement,Daily_Expense
TX0698,EMP_086,Consulting,2026-06-10,14:38,Staples,65.70,Personal_Card_Reimbursement,Daily_Expense
TX0699,EMP_056,Marketing,2026-06-10,15:05,Pret A Manger,12.81,Personal_Card_Reimbursement,Daily_Expense
TX0700,EMP_096,Operations,2026-06-10,15:32,Starbucks,15.99,Personal_Card_Reimbursement,Daily_Expense
TX0701,EMP_013,Sales,2026-06-10,15:38,Lufthansa,289.19,TMC_Corporate,Business_Trip
TX0702,EMP_086,Consulting,2026-06-10,15:40,REWE Markt,22.79,Personal_Card_Reimbursement,Daily_Expense
TX0703,EMP_019,Sales,2026-06-10,15:54,Restaurant Adler,29.38,Personal_Card_Reimbursement,Daily_Expense
TX0704,EMP_043,Engineering,2026-06-10,15:57,Vapiano,29.36,Personal_Card_Reimbursement,Daily_Expense
TX0705,EMP_030,Engineering,2026-06-10,15:58,Restaurant Adler,33.28,Personal_Card_Reimbursement,Daily_Expense
TX0706,EMP_036,Engineering,2026-06-10,16:02,REWE Markt,8.03,Personal_Card_Reimbursement,Daily_Expense
TX0707,EMP_034,Engineering,2026-06-10,16:04,Restaurant Adler,7.16,Personal_Card_Reimbursement,Daily_Expense
TX0708,EMP_063,Marketing,2026-06-10,16:51,Starbucks,37.38,Personal_Card_Reimbursement,Daily_Expense
TX0709,EMP_033,Engineering,2026-06-10,16:53,REWE Markt,20.10,Personal_Card_Reimbursement,Daily_Expense
TX0710,EMP_057,Marketing,2026-06-10,16:57,REWE Markt,25.94,Personal_Card_Reimbursement,Daily_Expense
TX0711,EMP_065,Marketing,2026-06-10,16:58,REWE Markt,34.91,Personal_Card_Reimbursement,Daily_Expense
TX0712,EMP_024,Sales,2026-06-10,17:17,Free Now,407.28,Personal_Card_Reimbursement,Business_Trip
TX0713,EMP_041,Engineering,2026-06-10,17:17,Pret A Manger,28.21,Personal_Card_Reimbursement,Daily_Expense
TX0714,EMP_003,Sales,2026-06-10,17:37,Vapiano,25.92,Personal_Card_Reimbursement,Daily_Expense
TX0715,EMP_004,Sales,2026-06-10,17:40,REWE Markt,27.88,Personal_Card_Reimbursement,Daily_Expense
TX0716,EMP_080,Consulting,2026-06-10,18:24,Pret A Manger,9.41,Personal_Card_Reimbursement,Daily_Expense
TX0717,EMP_064,Marketing,2026-06-10,18:29,Vapiano,24.02,Personal_Card_Reimbursement,Daily_Expense
TX0718,EMP_026,Engineering,2026-06-10,18:32,Restaurant Adler,23.92,Personal_Card_Reimbursement,Daily_Expense
TX0719,EMP_090,Consulting,2026-06-10,18:32,Vapiano,19.37,Personal_Card_Reimbursement,Daily_Expense
TX0720,EMP_062,Marketing,2026-06-10,18:43,Starbucks,36.68,Personal_Card_Reimbursement,Daily_Expense
TX0721,EMP_007,Sales,2026-06-10,18:45,Restaurant Adler,15.29,Personal_Card_Reimbursement,Daily_Expense
TX0722,EMP_027,Engineering,2026-06-10,19:38,REWE Markt,19.10,Personal_Card_Reimbursement,Daily_Expense
TX0723,EMP_074,Consulting,2026-06-10,19:41,Starbucks,36.24,Personal_Card_Reimbursement,Daily_Expense
TX0724,EMP_068,Marketing,2026-06-10,19:45,Snack Automat 77,108.65,Personal_Card_Reimbursement,Business_Trip
TX0725,EMP_080,Consulting,2026-06-10,19:52,Starbucks,28.51,Personal_Card_Reimbursement,Daily_Expense
TX0726,EMP_017,Sales,2026-06-10,19:58,Hilton Hotel Berlin,287.38,Personal_Card_Reimbursement,Business_Trip
TX0727,EMP_008,Sales,2026-06-10,20:25,Snack Automat 77,152.87,TMC_Corporate,Business_Trip
TX0728,EMP_037,Engineering,2026-06-10,22:49,Airbnb Payments,73.67,Personal_Card_Reimbursement,Business_Trip
TX0729,EMP_029,Engineering,2026-06-11,08:00,BVG,2.35,Personal_Card_Reimbursement,Daily_Expense
TX0730,EMP_060,Marketing,2026-06-11,08:00,MVV,2.35,Personal_Card_Reimbursement,Daily_Expense
TX0731,EMP_067,Marketing,2026-06-11,08:00,BVG,2.60,Personal_Card_Reimbursement,Daily_Expense
TX0732,EMP_080,Consulting,2026-06-11,08:00,MVV,2.69,Personal_Card_Reimbursement,Daily_Expense
TX0733,EMP_030,Engineering,2026-06-11,08:01,MVV,3.06,Personal_Card_Reimbursement,Daily_Expense
TX0734,EMP_049,Engineering,2026-06-11,08:02,Wiener Linien,2.65,Personal_Card_Reimbursement,Daily_Expense
TX0735,EMP_044,Engineering,2026-06-11,08:03,Wiener Linien,3.41,Personal_Card_Reimbursement,Daily_Expense
TX0736,EMP_037,Engineering,2026-06-11,08:04,Uber BV,11.72,Personal_Card_Reimbursement,Daily_Expense
TX0737,EMP_057,Marketing,2026-06-11,08:07,MVV,2.32,Personal_Card_Reimbursement,Daily_Expense
TX0738,EMP_068,Marketing,2026-06-11,08:07,Wiener Linien,2.20,Personal_Card_Reimbursement,Daily_Expense
TX0739,EMP_058,Marketing,2026-06-11,08:07,Wiener Linien,2.32,Personal_Card_Reimbursement,Daily_Expense
TX0740,EMP_062,Marketing,2026-06-11,08:08,Bolt Operations OU,9.60,Personal_Card_Reimbursement,Daily_Expense
TX0741,EMP_079,Consulting,2026-06-11,08:09,Wiener Linien,2.51,Personal_Card_Reimbursement,Daily_Expense
TX0742,EMP_052,Engineering,2026-06-11,08:11,Uber BV,14.82,Personal_Card_Reimbursement,Daily_Expense
TX0743,EMP_051,Engineering,2026-06-11,08:14,Free Now,14.83,Personal_Card_Reimbursement,Daily_Expense
TX0744,EMP_016,Sales,2026-06-11,08:14,Metro Paris,2.82,Personal_Card_Reimbursement,Daily_Expense
TX0745,EMP_007,Sales,2026-06-11,08:14,MVV,2.10,Personal_Card_Reimbursement,Daily_Expense
TX0746,EMP_034,Engineering,2026-06-11,08:15,BVG,2.87,Personal_Card_Reimbursement,Daily_Expense
TX0747,EMP_093,Operations,2026-06-11,08:19,Wiener Linien,2.85,Personal_Card_Reimbursement,Daily_Expense
TX0748,EMP_050,Engineering,2026-06-11,08:21,Metro Paris,3.18,Personal_Card_Reimbursement,Daily_Expense
TX0749,EMP_028,Engineering,2026-06-11,08:21,MVV,3.20,Personal_Card_Reimbursement,Daily_Expense
TX0750,EMP_056,Marketing,2026-06-11,08:21,Bolt Operations OU,12.12,Personal_Card_Reimbursement,Daily_Expense
TX0751,EMP_031,Engineering,2026-06-11,08:25,Free Now,14.17,Personal_Card_Reimbursement,Daily_Expense
TX0752,EMP_027,Engineering,2026-06-11,08:26,Wiener Linien,2.05,Personal_Card_Reimbursement,Daily_Expense
TX0753,EMP_070,Marketing,2026-06-11,08:29,Metro Paris,2.93,Personal_Card_Reimbursement,Daily_Expense
TX0754,EMP_064,Marketing,2026-06-11,08:31,Wiener Linien,2.98,Personal_Card_Reimbursement,Daily_Expense
TX0755,EMP_046,Engineering,2026-06-11,08:32,BVG,2.47,Personal_Card_Reimbursement,Daily_Expense
TX0756,EMP_039,Engineering,2026-06-11,08:33,Wiener Linien,2.58,Personal_Card_Reimbursement,Daily_Expense
TX0757,EMP_010,Sales,2026-06-11,08:34,MVV,2.13,Personal_Card_Reimbursement,Daily_Expense
TX0758,EMP_061,Marketing,2026-06-11,08:35,Uber BV,13.71,Personal_Card_Reimbursement,Daily_Expense
TX0759,EMP_033,Engineering,2026-06-11,08:37,Metro Paris,2.44,Personal_Card_Reimbursement,Daily_Expense
TX0760,EMP_041,Engineering,2026-06-11,08:37,Uber BV,13.79,Personal_Card_Reimbursement,Daily_Expense
TX0761,EMP_084,Consulting,2026-06-11,08:39,Wiener Linien,3.06,Personal_Card_Reimbursement,Daily_Expense
TX0762,EMP_055,Engineering,2026-06-11,08:41,Bolt Operations OU,14.77,Personal_Card_Reimbursement,Daily_Expense
TX0763,EMP_035,Engineering,2026-06-11,08:42,Bolt Operations OU,10.41,Personal_Card_Reimbursement,Daily_Expense
TX0764,EMP_047,Engineering,2026-06-11,08:45,Free Now,13.16,Personal_Card_Reimbursement,Daily_Expense
TX0765,EMP_043,Engineering,2026-06-11,08:46,BVG,3.11,Personal_Card_Reimbursement,Daily_Expense
TX0766,EMP_053,Engineering,2026-06-11,08:47,Metro Paris,2.79,Personal_Card_Reimbursement,Daily_Expense
TX0767,EMP_048,Engineering,2026-06-11,08:48,Bolt Operations OU,12.94,Personal_Card_Reimbursement,Daily_Expense
TX0768,EMP_012,Sales,2026-06-11,09:26,Blue Line Shuttle,143.53,Personal_Card_Reimbursement,Daily_Expense
TX0769,EMP_008,Sales,2026-06-11,11:06,Starbucks,26.62,Personal_Card_Reimbursement,Daily_Expense
TX0770,EMP_082,Consulting,2026-06-11,11:42,Pret A Manger,25.19,Personal_Card_Reimbursement,Daily_Expense
TX0771,EMP_046,Engineering,2026-06-11,11:44,Vapiano,15.42,Personal_Card_Reimbursement,Daily_Expense
TX0772,EMP_067,Marketing,2026-06-11,11:44,Vapiano,32.82,Personal_Card_Reimbursement,Daily_Expense
TX0773,EMP_016,Sales,2026-06-11,12:00,Restaurant Adler,9.35,Personal_Card_Reimbursement,Daily_Expense
TX0774,EMP_029,Engineering,2026-06-11,12:05,REWE Markt,6.10,Personal_Card_Reimbursement,Daily_Expense
TX0775,EMP_077,Consulting,2026-06-11,12:05,Starbucks,34.97,Personal_Card_Reimbursement,Daily_Expense
TX0776,EMP_084,Consulting,2026-06-11,12:16,Starbucks,13.19,Personal_Card_Reimbursement,Daily_Expense
TX0777,EMP_018,Sales,2026-06-11,12:18,Starbucks,30.04,Personal_Card_Reimbursement,Daily_Expense
TX0778,EMP_049,Engineering,2026-06-11,12:34,Pret A Manger,7.90,Personal_Card_Reimbursement,Daily_Expense
TX0779,EMP_057,Marketing,2026-06-11,12:36,REWE Markt,5.19,Personal_Card_Reimbursement,Daily_Expense
TX0780,EMP_021,Sales,2026-06-11,12:44,Office Depot,53.02,Personal_Card_Reimbursement,Daily_Expense
TX0781,EMP_079,Consulting,2026-06-11,12:53,Vapiano,5.38,Personal_Card_Reimbursement,Daily_Expense
TX0782,EMP_075,Consulting,2026-06-11,13:02,Starbucks,15.24,Personal_Card_Reimbursement,Daily_Expense
TX0783,EMP_036,Engineering,2026-06-11,13:24,REWE Markt,22.51,Personal_Card_Reimbursement,Daily_Expense
TX0784,EMP_016,Sales,2026-06-11,13:44,Restaurant Adler,29.76,Personal_Card_Reimbursement,Daily_Expense
TX0785,EMP_038,Engineering,2026-06-11,13:55,Restaurant Adler,5.70,Personal_Card_Reimbursement,Daily_Expense
TX0786,EMP_071,Consulting,2026-06-11,14:03,Restaurant Adler,25.37,Personal_Card_Reimbursement,Daily_Expense
TX0787,EMP_079,Consulting,2026-06-11,14:17,Starbucks,22.65,Personal_Card_Reimbursement,Daily_Expense
TX0788,EMP_005,Sales,2026-06-11,14:23,REWE Markt,6.95,Personal_Card_Reimbursement,Daily_Expense
TX0789,EMP_038,Engineering,2026-06-11,14:23,Pret A Manger,25.00,Personal_Card_Reimbursement,Daily_Expense
TX0790,EMP_029,Engineering,2026-06-11,14:24,Starbucks,7.33,Personal_Card_Reimbursement,Daily_Expense
TX0791,EMP_074,Consulting,2026-06-11,14:31,Starbucks,36.20,Personal_Card_Reimbursement,Daily_Expense
TX0792,EMP_009,Sales,2026-06-11,14:33,Vapiano,11.96,Personal_Card_Reimbursement,Daily_Expense
TX0793,EMP_094,Operations,2026-06-11,14:45,Office Depot,65.74,Personal_Card_Reimbursement,Daily_Expense
TX0794,EMP_002,Sales,2026-06-11,14:48,REWE Markt,11.57,Personal_Card_Reimbursement,Daily_Expense
TX0795,EMP_042,Engineering,2026-06-11,15:12,REWE Markt,26.31,Personal_Card_Reimbursement,Daily_Expense
TX0796,EMP_088,Consulting,2026-06-11,15:13,Restaurant Adler,32.54,Personal_Card_Reimbursement,Daily_Expense
TX0797,EMP_021,Sales,2026-06-11,15:42,Restaurant Adler,4.99,Personal_Card_Reimbursement,Daily_Expense
TX0798,EMP_065,Marketing,2026-06-11,16:02,REWE Markt,35.50,Personal_Card_Reimbursement,Daily_Expense
TX0799,EMP_003,Sales,2026-06-11,16:12,Staples,83.71,Personal_Card_Reimbursement,Daily_Expense
TX0800,EMP_059,Marketing,2026-06-11,16:16,REWE Markt,27.54,Personal_Card_Reimbursement,Daily_Expense
TX0801,EMP_073,Consulting,2026-06-11,16:45,Vapiano,35.23,Personal_Card_Reimbursement,Daily_Expense
TX0802,EMP_013,Sales,2026-06-11,17:12,Pret A Manger,22.88,Personal_Card_Reimbursement,Daily_Expense
TX0803,EMP_064,Marketing,2026-06-11,17:22,REWE Markt,24.18,Personal_Card_Reimbursement,Daily_Expense
TX0804,EMP_062,Marketing,2026-06-11,17:22,Restaurant Adler,12.53,Personal_Card_Reimbursement,Daily_Expense
TX0805,EMP_021,Sales,2026-06-11,17:38,Vapiano,6.26,Personal_Card_Reimbursement,Daily_Expense
TX0806,EMP_019,Sales,2026-06-11,17:44,Vapiano,35.62,Personal_Card_Reimbursement,Daily_Expense
TX0807,EMP_009,Sales,2026-06-11,18:07,Office Depot,43.37,Personal_Card_Reimbursement,Daily_Expense
TX0808,EMP_094,Operations,2026-06-11,18:09,Restaurant Adler,4.64,Personal_Card_Reimbursement,Daily_Expense
TX0809,EMP_023,Sales,2026-06-11,18:18,Pret A Manger,19.76,Personal_Card_Reimbursement,Daily_Expense
TX0810,EMP_096,Operations,2026-06-11,18:25,Vapiano,36.70,Personal_Card_Reimbursement,Daily_Expense
TX0811,EMP_005,Sales,2026-06-11,18:30,Pret A Manger,31.99,Personal_Card_Reimbursement,Daily_Expense
TX0812,EMP_018,Sales,2026-06-11,18:35,Vapiano,20.50,Personal_Card_Reimbursement,Daily_Expense
TX0813,EMP_050,Engineering,2026-06-11,18:57,Pret A Manger,28.45,Personal_Card_Reimbursement,Daily_Expense
TX0814,EMP_089,Consulting,2026-06-11,19:13,Starbucks,21.92,Personal_Card_Reimbursement,Daily_Expense
TX0815,EMP_065,Marketing,2026-06-11,19:34,Pret A Manger,15.68,Personal_Card_Reimbursement,Daily_Expense
TX0816,EMP_037,Engineering,2026-06-11,19:35,Pret A Manger,14.46,Personal_Card_Reimbursement,Daily_Expense
TX0817,EMP_021,Sales,2026-06-11,19:44,Bolt Operations OU,132.23,Personal_Card_Reimbursement,Business_Trip
TX0818,EMP_097,Operations,2026-06-11,19:56,Restaurant Adler,21.58,Personal_Card_Reimbursement,Daily_Expense
TX0819,EMP_021,Sales,2026-06-12,07:59,Marriott Muenchen,104.55,TMC_Corporate,Business_Trip
TX0820,EMP_029,Engineering,2026-06-12,08:00,BVG,2.15,Personal_Card_Reimbursement,Daily_Expense
TX0821,EMP_030,Engineering,2026-06-12,08:00,MVV,3.06,Personal_Card_Reimbursement,Daily_Expense
TX0822,EMP_057,Marketing,2026-06-12,08:00,MVV,2.07,Personal_Card_Reimbursement,Daily_Expense
TX0823,EMP_062,Marketing,2026-06-12,08:00,Bolt Operations OU,14.79,Personal_Card_Reimbursement,Daily_Expense
TX0824,EMP_011,Sales,2026-06-12,08:00,Metro Paris,2.07,Personal_Card_Reimbursement,Daily_Expense
TX0825,EMP_037,Engineering,2026-06-12,08:03,Uber BV,10.88,Personal_Card_Reimbursement,Daily_Expense
TX0826,EMP_060,Marketing,2026-06-12,08:03,MVV,3.16,Personal_Card_Reimbursement,Daily_Expense
TX0827,EMP_067,Marketing,2026-06-12,08:04,BVG,2.85,Personal_Card_Reimbursement,Daily_Expense
TX0828,EMP_079,Consulting,2026-06-12,08:04,Wiener Linien,2.50,Personal_Card_Reimbursement,Daily_Expense
TX0829,EMP_049,Engineering,2026-06-12,08:07,Wiener Linien,2.69,Personal_Card_Reimbursement,Daily_Expense
TX0830,EMP_051,Engineering,2026-06-12,08:08,Free Now,10.64,Personal_Card_Reimbursement,Daily_Expense
TX0831,EMP_052,Engineering,2026-06-12,08:09,Uber BV,13.49,Personal_Card_Reimbursement,Daily_Expense
TX0832,EMP_058,Marketing,2026-06-12,08:10,Wiener Linien,2.79,Personal_Card_Reimbursement,Daily_Expense
TX0833,EMP_080,Consulting,2026-06-12,08:10,MVV,2.33,Personal_Card_Reimbursement,Daily_Expense
TX0834,EMP_034,Engineering,2026-06-12,08:11,BVG,2.08,Personal_Card_Reimbursement,Daily_Expense
TX0835,EMP_007,Sales,2026-06-12,08:11,MVV,2.99,Personal_Card_Reimbursement,Daily_Expense
TX0836,EMP_016,Sales,2026-06-12,08:18,Metro Paris,3.28,Personal_Card_Reimbursement,Daily_Expense
TX0837,EMP_093,Operations,2026-06-12,08:21,Wiener Linien,2.52,Personal_Card_Reimbursement,Daily_Expense
TX0838,EMP_059,Marketing,2026-06-12,08:22,Bolt Operations OU,9.52,Personal_Card_Reimbursement,Daily_Expense
TX0839,EMP_031,Engineering,2026-06-12,08:26,Free Now,11.76,Personal_Card_Reimbursement,Daily_Expense
TX0840,EMP_056,Marketing,2026-06-12,08:27,Bolt Operations OU,13.30,Personal_Card_Reimbursement,Daily_Expense
TX0841,EMP_027,Engineering,2026-06-12,08:29,Wiener Linien,3.12,Personal_Card_Reimbursement,Daily_Expense
TX0842,EMP_096,Operations,2026-06-12,08:30,Wiener Linien,2.79,Personal_Card_Reimbursement,Daily_Expense
TX0843,EMP_046,Engineering,2026-06-12,08:31,BVG,3.38,Personal_Card_Reimbursement,Daily_Expense
TX0844,EMP_039,Engineering,2026-06-12,08:33,Wiener Linien,2.85,Personal_Card_Reimbursement,Daily_Expense
TX0845,EMP_055,Engineering,2026-06-12,08:33,Bolt Operations OU,14.07,Personal_Card_Reimbursement,Daily_Expense
TX0846,EMP_064,Marketing,2026-06-12,08:33,Wiener Linien,2.99,Personal_Card_Reimbursement,Daily_Expense
TX0847,EMP_061,Marketing,2026-06-12,08:34,Uber BV,11.45,Personal_Card_Reimbursement,Daily_Expense
TX0848,EMP_010,Sales,2026-06-12,08:34,MVV,3.25,Personal_Card_Reimbursement,Daily_Expense
TX0849,EMP_042,Engineering,2026-06-12,08:35,Uber BV,13.74,Personal_Card_Reimbursement,Daily_Expense
TX0850,EMP_041,Engineering,2026-06-12,08:36,Uber BV,9.15,Personal_Card_Reimbursement,Daily_Expense
TX0851,EMP_032,Engineering,2026-06-12,08:36,Free Now,9.91,Personal_Card_Reimbursement,Daily_Expense
TX0852,EMP_070,Marketing,2026-06-12,08:36,Metro Paris,3.15,Personal_Card_Reimbursement,Daily_Expense
TX0853,EMP_033,Engineering,2026-06-12,08:38,Metro Paris,2.55,Personal_Card_Reimbursement,Daily_Expense
TX0854,EMP_043,Engineering,2026-06-12,08:39,BVG,2.76,Personal_Card_Reimbursement,Daily_Expense
TX0855,EMP_063,Marketing,2026-06-12,08:41,MVV,2.30,Personal_Card_Reimbursement,Daily_Expense
TX0856,EMP_035,Engineering,2026-06-12,08:44,Bolt Operations OU,11.72,Personal_Card_Reimbursement,Daily_Expense
TX0857,EMP_047,Engineering,2026-06-12,08:45,Free Now,10.97,Personal_Card_Reimbursement,Daily_Expense
TX0858,EMP_084,Consulting,2026-06-12,08:47,Wiener Linien,2.07,Personal_Card_Reimbursement,Daily_Expense
TX0859,EMP_044,Engineering,2026-06-12,09:10,Hbf Kiosk,175.45,Personal_Card_Reimbursement,Daily_Expense
TX0860,EMP_080,Consulting,2026-06-12,11:03,Office Depot,87.77,Personal_Card_Reimbursement,Daily_Expense
TX0861,EMP_089,Consulting,2026-06-12,11:03,Restaurant Adler,5.78,Personal_Card_Reimbursement,Daily_Expense
TX0862,EMP_076,Consulting,2026-06-12,11:19,Starbucks,6.22,Personal_Card_Reimbursement,Daily_Expense
TX0863,EMP_063,Marketing,2026-06-12,11:25,REWE Markt,23.11,Personal_Card_Reimbursement,Daily_Expense
TX0864,EMP_012,Sales,2026-06-12,11:30,Restaurant Adler,16.97,Personal_Card_Reimbursement,Daily_Expense
TX0865,EMP_029,Engineering,2026-06-12,11:39,REWE Markt,10.56,Personal_Card_Reimbursement,Daily_Expense
TX0866,EMP_082,Consulting,2026-06-12,11:55,Vapiano,16.25,Personal_Card_Reimbursement,Daily_Expense
TX0867,EMP_043,Engineering,2026-06-12,12:01,Pret A Manger,25.28,Personal_Card_Reimbursement,Daily_Expense
TX0868,EMP_005,Sales,2026-06-12,12:04,Starbucks,14.84,Personal_Card_Reimbursement,Daily_Expense
TX0869,EMP_022,Sales,2026-06-12,12:09,Restaurant Adler,10.21,Personal_Card_Reimbursement,Daily_Expense
TX0870,EMP_091,Operations,2026-06-12,12:14,Starbucks,29.31,Personal_Card_Reimbursement,Daily_Expense
TX0871,EMP_001,Sales,2026-06-12,12:21,Vapiano,27.36,Personal_Card_Reimbursement,Daily_Expense
TX0872,EMP_038,Engineering,2026-06-12,12:32,Vapiano,25.72,Personal_Card_Reimbursement,Daily_Expense
TX0873,EMP_083,Consulting,2026-06-12,12:35,Starbucks,31.14,Personal_Card_Reimbursement,Daily_Expense
TX0874,EMP_011,Sales,2026-06-12,12:50,Vapiano,21.43,Personal_Card_Reimbursement,Daily_Expense
TX0875,EMP_017,Sales,2026-06-12,12:54,REWE Markt,17.83,Personal_Card_Reimbursement,Daily_Expense
TX0876,EMP_055,Engineering,2026-06-12,12:58,REWE Markt,5.62,Personal_Card_Reimbursement,Daily_Expense
TX0877,EMP_058,Marketing,2026-06-12,13:07,Vapiano,21.85,Personal_Card_Reimbursement,Daily_Expense
TX0878,EMP_090,Consulting,2026-06-12,13:26,Pret A Manger,24.84,Personal_Card_Reimbursement,Daily_Expense
TX0879,EMP_091,Operations,2026-06-12,13:28,Restaurant Adler,26.26,Personal_Card_Reimbursement,Daily_Expense
TX0880,EMP_092,Operations,2026-06-12,13:45,Staples,37.62,Personal_Card_Reimbursement,Daily_Expense
TX0881,EMP_050,Engineering,2026-06-12,13:55,Restaurant Adler,10.63,Personal_Card_Reimbursement,Daily_Expense
TX0882,EMP_049,Engineering,2026-06-12,13:57,Pret A Manger,26.82,Personal_Card_Reimbursement,Daily_Expense
TX0883,EMP_033,Engineering,2026-06-12,14:19,Pret A Manger,35.83,Personal_Card_Reimbursement,Daily_Expense
TX0884,EMP_017,Sales,2026-06-12,14:30,Starbucks,30.84,Personal_Card_Reimbursement,Daily_Expense
TX0885,EMP_068,Marketing,2026-06-12,14:44,Restaurant Adler,27.68,Personal_Card_Reimbursement,Daily_Expense
TX0886,EMP_033,Engineering,2026-06-12,14:46,Pret A Manger,23.40,Personal_Card_Reimbursement,Daily_Expense
TX0887,EMP_015,Sales,2026-06-12,15:05,Pret A Manger,20.01,Personal_Card_Reimbursement,Daily_Expense
TX0888,EMP_048,Engineering,2026-06-12,15:29,Vapiano,9.04,Personal_Card_Reimbursement,Daily_Expense
TX0889,EMP_070,Marketing,2026-06-12,16:00,Office Depot,21.53,Personal_Card_Reimbursement,Daily_Expense
TX0890,EMP_079,Consulting,2026-06-12,16:07,Starbucks,17.93,Personal_Card_Reimbursement,Daily_Expense
TX0891,EMP_074,Consulting,2026-06-12,16:12,Office Depot,81.37,Personal_Card_Reimbursement,Daily_Expense
TX0892,EMP_029,Engineering,2026-06-12,16:23,REWE Markt,30.80,Personal_Card_Reimbursement,Daily_Expense
TX0893,EMP_006,Sales,2026-06-12,16:27,Vapiano,31.25,Personal_Card_Reimbursement,Daily_Expense
TX0894,EMP_025,Sales,2026-06-12,16:31,Pret A Manger,34.48,Personal_Card_Reimbursement,Daily_Expense
TX0895,EMP_047,Engineering,2026-06-12,16:39,Vapiano,18.78,Personal_Card_Reimbursement,Daily_Expense
TX0896,EMP_027,Engineering,2026-06-12,16:42,Restaurant Adler,12.17,Personal_Card_Reimbursement,Daily_Expense
TX0897,EMP_012,Sales,2026-06-12,17:01,Restaurant Adler,9.04,Personal_Card_Reimbursement,Daily_Expense
TX0898,EMP_083,Consulting,2026-06-12,17:05,Vapiano,28.85,Personal_Card_Reimbursement,Daily_Expense
TX0899,EMP_084,Consulting,2026-06-12,17:17,REWE Markt,24.58,Personal_Card_Reimbursement,Daily_Expense
TX0900,EMP_063,Marketing,2026-06-12,17:49,Restaurant Adler,36.45,Personal_Card_Reimbursement,Daily_Expense
TX0901,EMP_035,Engineering,2026-06-12,17:54,Starbucks,16.99,Personal_Card_Reimbursement,Daily_Expense
TX0902,EMP_048,Engineering,2026-06-12,18:01,Vapiano,14.31,Personal_Card_Reimbursement,Daily_Expense
TX0903,EMP_027,Engineering,2026-06-12,18:10,REWE Markt,31.81,Personal_Card_Reimbursement,Daily_Expense
TX0904,EMP_012,Sales,2026-06-12,18:10,Staples,89.70,Personal_Card_Reimbursement,Daily_Expense
TX0905,EMP_095,Operations,2026-06-12,18:14,Staples,88.09,Personal_Card_Reimbursement,Daily_Expense
TX0906,EMP_021,Sales,2026-06-12,18:14,Vapiano,19.95,Personal_Card_Reimbursement,Daily_Expense
TX0907,EMP_018,Sales,2026-06-12,18:17,REWE Markt,25.65,Personal_Card_Reimbursement,Daily_Expense
TX0908,EMP_012,Sales,2026-06-12,18:22,Office Depot,80.48,Personal_Card_Reimbursement,Daily_Expense
TX0909,EMP_059,Marketing,2026-06-12,18:30,Staples,61.55,Personal_Card_Reimbursement,Daily_Expense
TX0910,EMP_025,Sales,2026-06-12,18:42,REWE Markt,22.10,Personal_Card_Reimbursement,Daily_Expense
TX0911,EMP_017,Sales,2026-06-12,19:03,Vapiano,16.55,Personal_Card_Reimbursement,Daily_Expense
TX0912,EMP_050,Engineering,2026-06-12,19:04,Vapiano,11.92,Personal_Card_Reimbursement,Daily_Expense
TX0913,EMP_006,Sales,2026-06-12,19:05,Office Depot,25.40,Personal_Card_Reimbursement,Daily_Expense
TX0914,EMP_046,Engineering,2026-06-12,19:05,Starbucks,31.79,Personal_Card_Reimbursement,Daily_Expense
TX0915,EMP_081,Consulting,2026-06-12,19:05,Pret A Manger,25.94,Personal_Card_Reimbursement,Daily_Expense
TX0916,EMP_087,Consulting,2026-06-12,19:11,Restaurant Adler,26.47,Personal_Card_Reimbursement,Daily_Expense
TX0917,EMP_070,Marketing,2026-06-12,19:19,Vapiano,7.16,Personal_Card_Reimbursement,Daily_Expense
TX0918,EMP_011,Sales,2026-06-12,19:46,Restaurant Adler,22.26,Personal_Card_Reimbursement,Daily_Expense
TX0919,EMP_040,Engineering,2026-06-12,21:00,Uber BV,69.37,Personal_Card_Reimbursement,Business_Trip
TX0920,EMP_030,Engineering,2026-06-15,08:00,MVV,2.48,Personal_Card_Reimbursement,Daily_Expense
TX0921,EMP_037,Engineering,2026-06-15,08:00,Uber BV,11.25,Personal_Card_Reimbursement,Daily_Expense
TX0922,EMP_060,Marketing,2026-06-15,08:00,MVV,3.24,Personal_Card_Reimbursement,Daily_Expense
TX0923,EMP_049,Engineering,2026-06-15,08:01,Wiener Linien,3.38,Personal_Card_Reimbursement,Daily_Expense
TX0924,EMP_038,Engineering,2026-06-15,08:02,Uber BV,10.09,Personal_Card_Reimbursement,Daily_Expense
TX0925,EMP_057,Marketing,2026-06-15,08:03,MVV,3.58,Personal_Card_Reimbursement,Daily_Expense
TX0926,EMP_062,Marketing,2026-06-15,08:03,Bolt Operations OU,14.61,Personal_Card_Reimbursement,Daily_Expense
TX0927,EMP_044,Engineering,2026-06-15,08:05,Wiener Linien,3.07,Personal_Card_Reimbursement,Daily_Expense
TX0928,EMP_034,Engineering,2026-06-15,08:06,BVG,3.36,Personal_Card_Reimbursement,Daily_Expense
TX0929,EMP_067,Marketing,2026-06-15,08:07,BVG,3.24,Personal_Card_Reimbursement,Daily_Expense
TX0930,EMP_011,Sales,2026-06-15,08:07,Metro Paris,2.45,Personal_Card_Reimbursement,Daily_Expense
TX0931,EMP_080,Consulting,2026-06-15,08:07,MVV,3.27,Personal_Card_Reimbursement,Daily_Expense
TX0932,EMP_016,Sales,2026-06-15,08:10,Metro Paris,3.34,Personal_Card_Reimbursement,Daily_Expense
TX0933,EMP_007,Sales,2026-06-15,08:12,MVV,2.03,Personal_Card_Reimbursement,Daily_Expense
TX0934,EMP_051,Engineering,2026-06-15,08:13,Free Now,13.95,Personal_Card_Reimbursement,Daily_Expense
TX0935,EMP_068,Marketing,2026-06-15,08:13,Wiener Linien,2.61,Personal_Card_Reimbursement,Daily_Expense
TX0936,EMP_052,Engineering,2026-06-15,08:14,Uber BV,10.44,Personal_Card_Reimbursement,Daily_Expense
TX0937,EMP_058,Marketing,2026-06-15,08:17,Wiener Linien,2.59,Personal_Card_Reimbursement,Daily_Expense
TX0938,EMP_093,Operations,2026-06-15,08:18,Wiener Linien,2.92,Personal_Card_Reimbursement,Daily_Expense
TX0939,EMP_059,Marketing,2026-06-15,08:19,Bolt Operations OU,14.89,Personal_Card_Reimbursement,Daily_Expense
TX0940,EMP_027,Engineering,2026-06-15,08:26,Wiener Linien,2.37,Personal_Card_Reimbursement,Daily_Expense
TX0941,EMP_069,Marketing,2026-06-15,08:26,Free Now,13.31,Personal_Card_Reimbursement,Daily_Expense
TX0942,EMP_050,Engineering,2026-06-15,08:27,Metro Paris,3.07,Personal_Card_Reimbursement,Daily_Expense
TX0943,EMP_070,Marketing,2026-06-15,08:27,Metro Paris,3.48,Personal_Card_Reimbursement,Daily_Expense
TX0944,EMP_096,Operations,2026-06-15,08:27,Wiener Linien,3.14,Personal_Card_Reimbursement,Daily_Expense
TX0945,EMP_028,Engineering,2026-06-15,08:29,MVV,2.50,Personal_Card_Reimbursement,Daily_Expense
TX0946,EMP_046,Engineering,2026-06-15,08:32,BVG,2.11,Personal_Card_Reimbursement,Daily_Expense
TX0947,EMP_056,Marketing,2026-06-15,08:32,Bolt Operations OU,12.06,Personal_Card_Reimbursement,Daily_Expense
TX0948,EMP_039,Engineering,2026-06-15,08:33,Wiener Linien,2.09,Personal_Card_Reimbursement,Daily_Expense
TX0949,EMP_042,Engineering,2026-06-15,08:33,Uber BV,13.73,Personal_Card_Reimbursement,Daily_Expense
TX0950,EMP_010,Sales,2026-06-15,08:33,MVV,2.51,Personal_Card_Reimbursement,Daily_Expense
TX0951,EMP_026,Engineering,2026-06-15,08:35,MVV,2.09,Personal_Card_Reimbursement,Daily_Expense
TX0952,EMP_033,Engineering,2026-06-15,08:35,Metro Paris,2.42,Personal_Card_Reimbursement,Daily_Expense
TX0953,EMP_064,Marketing,2026-06-15,08:37,Wiener Linien,2.81,Personal_Card_Reimbursement,Daily_Expense
TX0954,EMP_061,Marketing,2026-06-15,08:37,Uber BV,13.53,Personal_Card_Reimbursement,Daily_Expense
TX0955,EMP_043,Engineering,2026-06-15,08:40,BVG,2.62,Personal_Card_Reimbursement,Daily_Expense
TX0956,EMP_048,Engineering,2026-06-15,08:41,Bolt Operations OU,12.50,Personal_Card_Reimbursement,Daily_Expense
TX0957,EMP_041,Engineering,2026-06-15,08:45,Uber BV,13.73,Personal_Card_Reimbursement,Daily_Expense
TX0958,EMP_063,Marketing,2026-06-15,08:46,MVV,2.82,Personal_Card_Reimbursement,Daily_Expense
TX0959,EMP_032,Engineering,2026-06-15,08:47,Free Now,12.79,Personal_Card_Reimbursement,Daily_Expense
TX0960,EMP_084,Consulting,2026-06-15,08:49,Wiener Linien,2.64,Personal_Card_Reimbursement,Daily_Expense
TX0961,EMP_024,Sales,2026-06-15,09:12,Airbnb Payments,233.43,Personal_Card_Reimbursement,Business_Trip
TX0962,EMP_058,Marketing,2026-06-15,11:02,Pret A Manger,19.05,Personal_Card_Reimbursement,Daily_Expense
TX0963,EMP_005,Sales,2026-06-15,11:25,Vapiano,15.48,Personal_Card_Reimbursement,Daily_Expense
TX0964,EMP_036,Engineering,2026-06-15,11:33,Office Depot,72.96,Personal_Card_Reimbursement,Daily_Expense
TX0965,EMP_025,Sales,2026-06-15,11:47,Pret A Manger,33.92,Personal_Card_Reimbursement,Daily_Expense
TX0966,EMP_067,Marketing,2026-06-15,11:56,Office Depot,22.80,Personal_Card_Reimbursement,Daily_Expense
TX0967,EMP_053,Engineering,2026-06-15,12:03,REWE Markt,16.77,Personal_Card_Reimbursement,Daily_Expense
TX0968,EMP_056,Marketing,2026-06-15,12:07,Staples,83.93,Personal_Card_Reimbursement,Daily_Expense
TX0969,EMP_088,Consulting,2026-06-15,12:24,Pret A Manger,35.14,Personal_Card_Reimbursement,Daily_Expense
TX0970,EMP_010,Sales,2026-06-15,12:38,Starbucks,9.88,Personal_Card_Reimbursement,Daily_Expense
TX0971,EMP_039,Engineering,2026-06-15,12:48,Vapiano,34.52,Personal_Card_Reimbursement,Daily_Expense
TX0972,EMP_007,Sales,2026-06-15,12:49,Vapiano,31.00,Personal_Card_Reimbursement,Daily_Expense
TX0973,EMP_051,Engineering,2026-06-15,13:08,Restaurant Adler,19.40,Personal_Card_Reimbursement,Daily_Expense
TX0974,EMP_022,Sales,2026-06-15,13:35,Starbucks,29.96,Personal_Card_Reimbursement,Daily_Expense
TX0975,EMP_099,Operations,2026-06-15,13:52,Pret A Manger,10.98,Personal_Card_Reimbursement,Daily_Expense
TX0976,EMP_015,Sales,2026-06-15,14:17,Pret A Manger,18.41,Personal_Card_Reimbursement,Daily_Expense
TX0977,EMP_031,Engineering,2026-06-15,14:35,REWE Markt,5.71,Personal_Card_Reimbursement,Daily_Expense
TX0978,EMP_058,Marketing,2026-06-15,14:41,REWE Markt,5.33,Personal_Card_Reimbursement,Daily_Expense
TX0979,EMP_048,Engineering,2026-06-15,14:58,Restaurant Adler,18.60,Personal_Card_Reimbursement,Daily_Expense
TX0980,EMP_014,Sales,2026-06-15,15:05,REWE Markt,36.71,Personal_Card_Reimbursement,Daily_Expense
TX0981,EMP_020,Sales,2026-06-15,15:31,Restaurant Adler,5.73,Personal_Card_Reimbursement,Daily_Expense
TX0982,EMP_071,Consulting,2026-06-15,15:36,REWE Markt,8.81,Personal_Card_Reimbursement,Daily_Expense
TX0983,EMP_042,Engineering,2026-06-15,15:43,Staples,73.99,Personal_Card_Reimbursement,Daily_Expense
TX0984,EMP_020,Sales,2026-06-15,15:55,Pret A Manger,5.81,Personal_Card_Reimbursement,Daily_Expense
TX0985,EMP_038,Engineering,2026-06-15,15:56,REWE Markt,31.30,Personal_Card_Reimbursement,Daily_Expense
TX0986,EMP_096,Operations,2026-06-15,15:57,Vapiano,4.27,Personal_Card_Reimbursement,Daily_Expense
TX0987,EMP_003,Sales,2026-06-15,16:36,Pret A Manger,23.39,Personal_Card_Reimbursement,Daily_Expense
TX0988,EMP_007,Sales,2026-06-15,16:38,Pret A Manger,20.01,Personal_Card_Reimbursement,Daily_Expense
TX0989,EMP_089,Consulting,2026-06-15,16:39,REWE Markt,23.25,Personal_Card_Reimbursement,Daily_Expense
TX0990,EMP_064,Marketing,2026-06-15,16:45,Restaurant Adler,8.49,Personal_Card_Reimbursement,Daily_Expense
TX0991,EMP_088,Consulting,2026-06-15,16:50,Deutsche Bahn,44.13,TMC_Corporate,Business_Trip
TX0992,EMP_094,Operations,2026-06-15,17:24,Pret A Manger,31.19,Personal_Card_Reimbursement,Daily_Expense
TX0993,EMP_080,Consulting,2026-06-15,17:26,REWE Markt,19.34,Personal_Card_Reimbursement,Daily_Expense
TX0994,EMP_069,Marketing,2026-06-15,17:36,Vapiano,19.67,Personal_Card_Reimbursement,Daily_Expense
TX0995,EMP_018,Sales,2026-06-15,17:45,Pret A Manger,27.35,Personal_Card_Reimbursement,Daily_Expense
TX0996,EMP_089,Consulting,2026-06-15,17:48,Vapiano,5.11,Personal_Card_Reimbursement,Daily_Expense
TX0997,EMP_009,Sales,2026-06-15,17:50,Vapiano,31.67,Personal_Card_Reimbursement,Daily_Expense
TX0998,EMP_069,Marketing,2026-06-15,17:59,Restaurant Adler,30.66,Personal_Card_Reimbursement,Daily_Expense
TX0999,EMP_026,Engineering,2026-06-15,18:09,REWE Markt,37.56,Personal_Card_Reimbursement,Daily_Expense
TX1000,EMP_084,Consulting,2026-06-15,18:14,Starbucks,17.23,Personal_Card_Reimbursement,Daily_Expense
TX1001,EMP_088,Consulting,2026-06-15,18:17,Office Depot,30.91,Personal_Card_Reimbursement,Daily_Expense
TX1002,EMP_012,Sales,2026-06-15,18:45,Restaurant Adler,37.50,Personal_Card_Reimbursement,Daily_Expense
TX1003,EMP_023,Sales,2026-06-15,18:45,Vapiano,21.87,Personal_Card_Reimbursement,Daily_Expense
TX1004,EMP_040,Engineering,2026-06-15,18:49,Free Now,192.60,Personal_Card_Reimbursement,Business_Trip
TX1005,EMP_043,Engineering,2026-06-15,18:51,Staples,48.33,Personal_Card_Reimbursement,Daily_Expense
TX1006,EMP_014,Sales,2026-06-15,18:53,Restaurant Adler,4.98,Personal_Card_Reimbursement,Daily_Expense
TX1007,EMP_094,Operations,2026-06-15,19:03,Starbucks,12.24,Personal_Card_Reimbursement,Daily_Expense
TX1008,EMP_015,Sales,2026-06-15,19:08,REWE Markt,19.84,Personal_Card_Reimbursement,Daily_Expense
TX1009,EMP_045,Engineering,2026-06-15,19:10,Restaurant Adler,13.36,Personal_Card_Reimbursement,Daily_Expense
TX1010,EMP_084,Consulting,2026-06-15,19:40,REWE Markt,27.93,Personal_Card_Reimbursement,Daily_Expense
TX1011,EMP_020,Sales,2026-06-15,19:45,Pret A Manger,23.54,Personal_Card_Reimbursement,Daily_Expense
TX1012,EMP_084,Consulting,2026-06-15,19:49,Starbucks,27.96,Personal_Card_Reimbursement,Daily_Expense
TX1013,EMP_078,Consulting,2026-06-15,21:31,K+M Mobility Services,76.87,TMC_Corporate,Business_Trip
TX1014,EMP_076,Consulting,2026-06-15,21:37,Cafe Zentral GmbH,156.54,Personal_Card_Reimbursement,Daily_Expense
TX1015,EMP_037,Engineering,2026-06-16,08:00,Uber BV,11.85,Personal_Card_Reimbursement,Daily_Expense
TX1016,EMP_067,Marketing,2026-06-16,08:00,BVG,3.29,Personal_Card_Reimbursement,Daily_Expense
TX1017,EMP_062,Marketing,2026-06-16,08:00,Bolt Operations OU,10.20,Personal_Card_Reimbursement,Daily_Expense
TX1018,EMP_080,Consulting,2026-06-16,08:00,MVV,3.40,Personal_Card_Reimbursement,Daily_Expense
TX1019,EMP_060,Marketing,2026-06-16,08:01,MVV,2.08,Personal_Card_Reimbursement,Daily_Expense
TX1020,EMP_049,Engineering,2026-06-16,08:02,Wiener Linien,3.57,Personal_Card_Reimbursement,Daily_Expense
TX1021,EMP_044,Engineering,2026-06-16,08:02,Wiener Linien,3.36,Personal_Card_Reimbursement,Daily_Expense
TX1022,EMP_038,Engineering,2026-06-16,08:02,Uber BV,11.40,Personal_Card_Reimbursement,Daily_Expense
TX1023,EMP_011,Sales,2026-06-16,08:04,Metro Paris,2.05,Personal_Card_Reimbursement,Daily_Expense
TX1024,EMP_057,Marketing,2026-06-16,08:05,MVV,2.06,Personal_Card_Reimbursement,Daily_Expense
TX1025,EMP_079,Consulting,2026-06-16,08:05,Wiener Linien,3.11,Personal_Card_Reimbursement,Daily_Expense
TX1026,EMP_029,Engineering,2026-06-16,08:06,BVG,2.26,Personal_Card_Reimbursement,Daily_Expense
TX1027,EMP_034,Engineering,2026-06-16,08:06,BVG,2.81,Personal_Card_Reimbursement,Daily_Expense
TX1028,EMP_030,Engineering,2026-06-16,08:07,MVV,2.52,Personal_Card_Reimbursement,Daily_Expense
TX1029,EMP_068,Marketing,2026-06-16,08:11,Wiener Linien,2.25,Personal_Card_Reimbursement,Daily_Expense
TX1030,EMP_007,Sales,2026-06-16,08:12,MVV,2.02,Personal_Card_Reimbursement,Daily_Expense
TX1031,EMP_059,Marketing,2026-06-16,08:16,Bolt Operations OU,10.49,Personal_Card_Reimbursement,Daily_Expense
TX1032,EMP_016,Sales,2026-06-16,08:16,Metro Paris,2.66,Personal_Card_Reimbursement,Daily_Expense
TX1033,EMP_096,Operations,2026-06-16,08:20,Wiener Linien,2.13,Personal_Card_Reimbursement,Daily_Expense
TX1034,EMP_046,Engineering,2026-06-16,08:23,BVG,2.46,Personal_Card_Reimbursement,Daily_Expense
TX1035,EMP_069,Marketing,2026-06-16,08:23,Free Now,13.94,Personal_Card_Reimbursement,Daily_Expense
TX1036,EMP_056,Marketing,2026-06-16,08:26,Bolt Operations OU,9.79,Personal_Card_Reimbursement,Daily_Expense
TX1037,EMP_033,Engineering,2026-06-16,08:28,Metro Paris,3.45,Personal_Card_Reimbursement,Daily_Expense
TX1038,EMP_028,Engineering,2026-06-16,08:30,MVV,2.50,Personal_Card_Reimbursement,Daily_Expense
TX1039,EMP_064,Marketing,2026-06-16,08:33,Wiener Linien,3.13,Personal_Card_Reimbursement,Daily_Expense
TX1040,EMP_041,Engineering,2026-06-16,08:36,Uber BV,10.05,Personal_Card_Reimbursement,Daily_Expense
TX1041,EMP_031,Engineering,2026-06-16,08:36,Free Now,12.44,Personal_Card_Reimbursement,Daily_Expense
TX1042,EMP_084,Consulting,2026-06-16,08:38,Wiener Linien,3.27,Personal_Card_Reimbursement,Daily_Expense
TX1043,EMP_010,Sales,2026-06-16,08:39,MVV,3.51,Personal_Card_Reimbursement,Daily_Expense
TX1044,EMP_039,Engineering,2026-06-16,08:41,Wiener Linien,2.20,Personal_Card_Reimbursement,Daily_Expense
TX1045,EMP_061,Marketing,2026-06-16,08:41,Uber BV,10.35,Personal_Card_Reimbursement,Daily_Expense
TX1046,EMP_053,Engineering,2026-06-16,08:42,Metro Paris,2.73,Personal_Card_Reimbursement,Daily_Expense
TX1047,EMP_035,Engineering,2026-06-16,08:43,Bolt Operations OU,12.24,Personal_Card_Reimbursement,Daily_Expense
TX1048,EMP_032,Engineering,2026-06-16,08:43,Free Now,9.34,Personal_Card_Reimbursement,Daily_Expense
TX1049,EMP_043,Engineering,2026-06-16,08:46,BVG,3.18,Personal_Card_Reimbursement,Daily_Expense
TX1050,EMP_047,Engineering,2026-06-16,08:46,Free Now,10.90,Personal_Card_Reimbursement,Daily_Expense
TX1051,EMP_064,Marketing,2026-06-16,11:05,Restaurant Adler,22.94,Personal_Card_Reimbursement,Daily_Expense
TX1052,EMP_064,Marketing,2026-06-16,11:21,Restaurant Adler,27.70,Personal_Card_Reimbursement,Daily_Expense
TX1053,EMP_001,Sales,2026-06-16,11:35,Starbucks,6.51,Personal_Card_Reimbursement,Daily_Expense
TX1054,EMP_088,Consulting,2026-06-16,11:45,Starbucks,19.05,Personal_Card_Reimbursement,Daily_Expense
TX1055,EMP_074,Consulting,2026-06-16,12:03,Vapiano,25.84,Personal_Card_Reimbursement,Daily_Expense
TX1056,EMP_058,Marketing,2026-06-16,12:11,Restaurant Adler,20.56,Personal_Card_Reimbursement,Daily_Expense
TX1057,EMP_080,Consulting,2026-06-16,12:12,Staples,85.63,Personal_Card_Reimbursement,Daily_Expense
TX1058,EMP_096,Operations,2026-06-16,12:26,Pret A Manger,20.64,Personal_Card_Reimbursement,Daily_Expense
TX1059,EMP_074,Consulting,2026-06-16,12:47,Pret A Manger,29.02,Personal_Card_Reimbursement,Daily_Expense
TX1060,EMP_073,Consulting,2026-06-16,13:00,Starbucks,36.59,Personal_Card_Reimbursement,Daily_Expense
TX1061,EMP_003,Sales,2026-06-16,13:11,REWE Markt,16.14,Personal_Card_Reimbursement,Daily_Expense
TX1062,EMP_063,Marketing,2026-06-16,13:17,K+M Mobility Services,11.58,Personal_Card_Reimbursement,Daily_Expense
TX1063,EMP_079,Consulting,2026-06-16,13:19,Global Conf Services Ltd,33.25,TMC_Corporate,Business_Trip
TX1064,EMP_067,Marketing,2026-06-16,13:31,REWE Markt,5.56,Personal_Card_Reimbursement,Daily_Expense
TX1065,EMP_012,Sales,2026-06-16,13:55,Starbucks,30.45,Personal_Card_Reimbursement,Daily_Expense
TX1066,EMP_085,Consulting,2026-06-16,14:00,Restaurant Adler,7.88,Personal_Card_Reimbursement,Daily_Expense
TX1067,EMP_064,Marketing,2026-06-16,14:00,Vapiano,13.55,Personal_Card_Reimbursement,Daily_Expense
TX1068,EMP_064,Marketing,2026-06-16,14:03,Vapiano,29.81,Personal_Card_Reimbursement,Daily_Expense
TX1069,EMP_058,Marketing,2026-06-16,14:31,Starbucks,12.88,Personal_Card_Reimbursement,Daily_Expense
TX1070,EMP_088,Consulting,2026-06-16,14:32,Vapiano,25.26,Personal_Card_Reimbursement,Daily_Expense
TX1071,EMP_045,Engineering,2026-06-16,14:32,Starbucks,33.07,Personal_Card_Reimbursement,Daily_Expense
TX1072,EMP_086,Consulting,2026-06-16,14:35,Pret A Manger,18.08,Personal_Card_Reimbursement,Daily_Expense
TX1073,EMP_050,Engineering,2026-06-16,14:40,Restaurant Adler,19.56,Personal_Card_Reimbursement,Daily_Expense
TX1074,EMP_060,Marketing,2026-06-16,14:47,Vapiano,19.12,Personal_Card_Reimbursement,Daily_Expense
TX1075,EMP_090,Consulting,2026-06-16,14:54,Staples,19.76,Personal_Card_Reimbursement,Daily_Expense
TX1076,EMP_040,Engineering,2026-06-16,15:00,REWE Markt,12.83,Personal_Card_Reimbursement,Daily_Expense
TX1077,EMP_019,Sales,2026-06-16,15:01,Starbucks,28.33,Personal_Card_Reimbursement,Daily_Expense
TX1078,EMP_075,Consulting,2026-06-16,15:14,Vapiano,36.75,Personal_Card_Reimbursement,Daily_Expense
TX1079,EMP_023,Sales,2026-06-16,15:19,Pret A Manger,22.87,Personal_Card_Reimbursement,Daily_Expense
TX1080,EMP_044,Engineering,2026-06-16,15:35,Office Depot,87.15,Personal_Card_Reimbursement,Daily_Expense
TX1081,EMP_071,Consulting,2026-06-16,15:47,Vapiano,9.56,Personal_Card_Reimbursement,Daily_Expense
TX1082,EMP_050,Engineering,2026-06-16,16:19,Starbucks,13.68,Personal_Card_Reimbursement,Daily_Expense
TX1083,EMP_087,Consulting,2026-06-16,16:29,Vapiano,7.77,Personal_Card_Reimbursement,Daily_Expense
TX1084,EMP_082,Consulting,2026-06-16,16:43,Vapiano,36.97,Personal_Card_Reimbursement,Daily_Expense
TX1085,EMP_090,Consulting,2026-06-16,16:52,REWE Markt,22.17,Personal_Card_Reimbursement,Daily_Expense
TX1086,EMP_054,Engineering,2026-06-16,17:14,Vapiano,27.72,Personal_Card_Reimbursement,Daily_Expense
TX1087,EMP_085,Consulting,2026-06-16,17:14,REWE Markt,4.65,Personal_Card_Reimbursement,Daily_Expense
TX1088,EMP_086,Consulting,2026-06-16,17:23,Pret A Manger,9.03,Personal_Card_Reimbursement,Daily_Expense
TX1089,EMP_089,Consulting,2026-06-16,17:32,Restaurant Adler,8.38,Personal_Card_Reimbursement,Daily_Expense
TX1090,EMP_015,Sales,2026-06-16,17:43,Pret A Manger,20.33,Personal_Card_Reimbursement,Daily_Expense
TX1091,EMP_079,Consulting,2026-06-16,17:51,Staples,87.05,Personal_Card_Reimbursement,Daily_Expense
TX1092,EMP_025,Sales,2026-06-16,17:53,Restaurant Adler,7.33,Personal_Card_Reimbursement,Daily_Expense
TX1093,EMP_082,Consulting,2026-06-16,18:04,Marriott Muenchen,220.85,TMC_Corporate,Business_Trip
TX1094,EMP_057,Marketing,2026-06-16,18:07,Pret A Manger,20.50,Personal_Card_Reimbursement,Daily_Expense
TX1095,EMP_049,Engineering,2026-06-16,18:19,Restaurant Adler,12.57,Personal_Card_Reimbursement,Daily_Expense
TX1096,EMP_057,Marketing,2026-06-16,18:26,REWE Markt,21.71,Personal_Card_Reimbursement,Daily_Expense
TX1097,EMP_084,Consulting,2026-06-16,18:30,Starbucks,32.97,Personal_Card_Reimbursement,Daily_Expense
TX1098,EMP_099,Operations,2026-06-16,18:31,Vapiano,31.30,Personal_Card_Reimbursement,Daily_Expense
TX1099,EMP_067,Marketing,2026-06-16,18:32,Pret A Manger,23.85,Personal_Card_Reimbursement,Daily_Expense
TX1100,EMP_027,Engineering,2026-06-16,18:48,Starbucks,28.76,Personal_Card_Reimbursement,Daily_Expense
TX1101,EMP_027,Engineering,2026-06-16,19:09,Vapiano,18.03,Personal_Card_Reimbursement,Daily_Expense
TX1102,EMP_094,Operations,2026-06-16,19:12,Starbucks,34.33,Personal_Card_Reimbursement,Daily_Expense
TX1103,EMP_056,Marketing,2026-06-16,19:25,Pret A Manger,23.81,Personal_Card_Reimbursement,Daily_Expense
TX1104,EMP_015,Sales,2026-06-16,19:36,Deutsche Bahn,74.82,TMC_Corporate,Business_Trip
TX1105,EMP_084,Consulting,2026-06-16,19:49,Restaurant Adler,23.84,Personal_Card_Reimbursement,Daily_Expense
TX1106,EMP_093,Operations,2026-06-17,07:24,Hbf Kiosk,42.98,Personal_Card_Reimbursement,Daily_Expense
TX1107,EMP_088,Consulting,2026-06-17,07:33,Delta Airlines,460.76,TMC_Corporate,Business_Trip
TX1108,EMP_060,Marketing,2026-06-17,08:00,MVV,3.00,Personal_Card_Reimbursement,Daily_Expense
TX1109,EMP_067,Marketing,2026-06-17,08:00,BVG,2.31,Personal_Card_Reimbursement,Daily_Expense
TX1110,EMP_080,Consulting,2026-06-17,08:00,MVV,2.32,Personal_Card_Reimbursement,Daily_Expense
TX1111,EMP_038,Engineering,2026-06-17,08:01,Uber BV,14.83,Personal_Card_Reimbursement,Daily_Expense
TX1112,EMP_011,Sales,2026-06-17,08:01,Metro Paris,2.33,Personal_Card_Reimbursement,Daily_Expense
TX1113,EMP_029,Engineering,2026-06-17,08:02,BVG,2.10,Personal_Card_Reimbursement,Daily_Expense
TX1114,EMP_030,Engineering,2026-06-17,08:02,MVV,2.20,Personal_Card_Reimbursement,Daily_Expense
TX1115,EMP_044,Engineering,2026-06-17,08:04,Wiener Linien,2.57,Personal_Card_Reimbursement,Daily_Expense
TX1116,EMP_058,Marketing,2026-06-17,08:06,Wiener Linien,3.41,Personal_Card_Reimbursement,Daily_Expense
TX1117,EMP_034,Engineering,2026-06-17,08:07,BVG,2.11,Personal_Card_Reimbursement,Daily_Expense
TX1118,EMP_057,Marketing,2026-06-17,08:07,MVV,2.57,Personal_Card_Reimbursement,Daily_Expense
TX1119,EMP_062,Marketing,2026-06-17,08:08,Bolt Operations OU,12.88,Personal_Card_Reimbursement,Daily_Expense
TX1120,EMP_007,Sales,2026-06-17,08:08,MVV,2.86,Personal_Card_Reimbursement,Daily_Expense
TX1121,EMP_054,Engineering,2026-06-17,08:10,MVV,3.29,Personal_Card_Reimbursement,Daily_Expense
TX1122,EMP_049,Engineering,2026-06-17,08:13,Wiener Linien,3.17,Personal_Card_Reimbursement,Daily_Expense
TX1123,EMP_059,Marketing,2026-06-17,08:16,Bolt Operations OU,11.68,Personal_Card_Reimbursement,Daily_Expense
TX1124,EMP_050,Engineering,2026-06-17,08:17,Metro Paris,3.26,Personal_Card_Reimbursement,Daily_Expense
TX1125,EMP_051,Engineering,2026-06-17,08:18,Free Now,14.22,Personal_Card_Reimbursement,Daily_Expense
TX1126,EMP_093,Operations,2026-06-17,08:22,Wiener Linien,2.15,Personal_Card_Reimbursement,Daily_Expense
TX1127,EMP_069,Marketing,2026-06-17,08:23,Free Now,9.93,Personal_Card_Reimbursement,Daily_Expense
TX1128,EMP_027,Engineering,2026-06-17,08:25,Wiener Linien,3.06,Personal_Card_Reimbursement,Daily_Expense
TX1129,EMP_026,Engineering,2026-06-17,08:27,MVV,2.78,Personal_Card_Reimbursement,Daily_Expense
TX1130,EMP_056,Marketing,2026-06-17,08:27,Bolt Operations OU,9.35,Personal_Card_Reimbursement,Daily_Expense
TX1131,EMP_061,Marketing,2026-06-17,08:30,Uber BV,11.78,Personal_Card_Reimbursement,Daily_Expense
TX1132,EMP_031,Engineering,2026-06-17,08:31,Free Now,10.74,Personal_Card_Reimbursement,Daily_Expense
TX1133,EMP_033,Engineering,2026-06-17,08:32,Metro Paris,2.68,Personal_Card_Reimbursement,Daily_Expense
TX1134,EMP_064,Marketing,2026-06-17,08:34,Wiener Linien,2.03,Personal_Card_Reimbursement,Daily_Expense
TX1135,EMP_010,Sales,2026-06-17,08:34,MVV,2.43,Personal_Card_Reimbursement,Daily_Expense
TX1136,EMP_055,Engineering,2026-06-17,08:35,Bolt Operations OU,11.29,Personal_Card_Reimbursement,Daily_Expense
TX1137,EMP_032,Engineering,2026-06-17,08:35,Free Now,11.77,Personal_Card_Reimbursement,Daily_Expense
TX1138,EMP_043,Engineering,2026-06-17,08:37,BVG,2.35,Personal_Card_Reimbursement,Daily_Expense
TX1139,EMP_041,Engineering,2026-06-17,08:37,Uber BV,11.53,Personal_Card_Reimbursement,Daily_Expense
TX1140,EMP_070,Marketing,2026-06-17,08:37,Metro Paris,2.07,Personal_Card_Reimbursement,Daily_Expense
TX1141,EMP_039,Engineering,2026-06-17,08:38,Wiener Linien,3.40,Personal_Card_Reimbursement,Daily_Expense
TX1142,EMP_042,Engineering,2026-06-17,08:38,Uber BV,10.79,Personal_Card_Reimbursement,Daily_Expense
TX1143,EMP_035,Engineering,2026-06-17,08:40,Bolt Operations OU,9.93,Personal_Card_Reimbursement,Daily_Expense
TX1144,EMP_063,Marketing,2026-06-17,08:45,MVV,2.14,Personal_Card_Reimbursement,Daily_Expense
TX1145,EMP_084,Consulting,2026-06-17,08:45,Wiener Linien,2.41,Personal_Card_Reimbursement,Daily_Expense
TX1146,EMP_053,Engineering,2026-06-17,08:49,Metro Paris,2.19,Personal_Card_Reimbursement,Daily_Expense
TX1147,EMP_048,Engineering,2026-06-17,08:49,Bolt Operations OU,12.94,Personal_Card_Reimbursement,Daily_Expense
TX1148,EMP_047,Engineering,2026-06-17,11:02,Starbucks,35.21,Personal_Card_Reimbursement,Daily_Expense
TX1149,EMP_044,Engineering,2026-06-17,11:16,Vapiano,17.49,Personal_Card_Reimbursement,Daily_Expense
TX1150,EMP_042,Engineering,2026-06-17,11:21,REWE Markt,5.53,Personal_Card_Reimbursement,Daily_Expense
TX1151,EMP_045,Engineering,2026-06-17,11:30,Pret A Manger,31.94,Personal_Card_Reimbursement,Daily_Expense
TX1152,EMP_095,Operations,2026-06-17,11:43,Starbucks,6.64,Personal_Card_Reimbursement,Daily_Expense
TX1153,EMP_024,Sales,2026-06-17,11:52,Restaurant Adler,22.83,Personal_Card_Reimbursement,Daily_Expense
TX1154,EMP_071,Consulting,2026-06-17,11:54,REWE Markt,8.45,Personal_Card_Reimbursement,Daily_Expense
TX1155,EMP_077,Consulting,2026-06-17,12:19,Pret A Manger,22.62,Personal_Card_Reimbursement,Daily_Expense
TX1156,EMP_062,Marketing,2026-06-17,12:27,Vapiano,24.03,Personal_Card_Reimbursement,Daily_Expense
TX1157,EMP_083,Consulting,2026-06-17,12:29,Pret A Manger,31.78,Personal_Card_Reimbursement,Daily_Expense
TX1158,EMP_038,Engineering,2026-06-17,12:30,Restaurant Adler,8.49,Personal_Card_Reimbursement,Daily_Expense
TX1159,EMP_084,Consulting,2026-06-17,12:33,Vapiano,23.98,Personal_Card_Reimbursement,Daily_Expense
TX1160,EMP_092,Operations,2026-06-17,12:33,Pret A Manger,28.01,Personal_Card_Reimbursement,Daily_Expense
TX1161,EMP_073,Consulting,2026-06-17,12:40,Vapiano,15.35,Personal_Card_Reimbursement,Daily_Expense
TX1162,EMP_050,Engineering,2026-06-17,13:07,Restaurant Adler,26.00,Personal_Card_Reimbursement,Daily_Expense
TX1163,EMP_078,Consulting,2026-06-17,13:15,Pret A Manger,17.56,Personal_Card_Reimbursement,Daily_Expense
TX1164,EMP_053,Engineering,2026-06-17,13:34,Starbucks,37.65,Personal_Card_Reimbursement,Daily_Expense
TX1165,EMP_011,Sales,2026-06-17,13:55,Restaurant Adler,13.74,Personal_Card_Reimbursement,Daily_Expense
TX1166,EMP_021,Sales,2026-06-17,13:58,Pret A Manger,16.94,Personal_Card_Reimbursement,Daily_Expense
TX1167,EMP_019,Sales,2026-06-17,13:59,REWE Markt,27.10,Personal_Card_Reimbursement,Daily_Expense
TX1168,EMP_075,Consulting,2026-06-17,14:09,Pret A Manger,35.81,Personal_Card_Reimbursement,Daily_Expense
TX1169,EMP_099,Operations,2026-06-17,14:10,Pret A Manger,4.70,Personal_Card_Reimbursement,Daily_Expense
TX1170,EMP_081,Consulting,2026-06-17,14:25,Pret A Manger,5.16,Personal_Card_Reimbursement,Daily_Expense
TX1171,EMP_046,Engineering,2026-06-17,14:26,REWE Markt,11.29,Personal_Card_Reimbursement,Daily_Expense
TX1172,EMP_027,Engineering,2026-06-17,14:30,Pret A Manger,22.17,Personal_Card_Reimbursement,Daily_Expense
TX1173,EMP_016,Sales,2026-06-17,14:45,Vapiano,19.54,Personal_Card_Reimbursement,Daily_Expense
TX1174,EMP_012,Sales,2026-06-17,14:54,Vapiano,21.07,Personal_Card_Reimbursement,Daily_Expense
TX1175,EMP_077,Consulting,2026-06-17,15:00,Starbucks,24.14,Personal_Card_Reimbursement,Daily_Expense
TX1176,EMP_024,Sales,2026-06-17,15:20,Vapiano,6.83,Personal_Card_Reimbursement,Daily_Expense
TX1177,EMP_064,Marketing,2026-06-17,15:24,City Parkhaus 24,183.36,Personal_Card_Reimbursement,Daily_Expense
TX1178,EMP_076,Consulting,2026-06-17,15:26,Pret A Manger,4.23,Personal_Card_Reimbursement,Daily_Expense
TX1179,EMP_084,Consulting,2026-06-17,15:28,Restaurant Adler,11.80,Personal_Card_Reimbursement,Daily_Expense
TX1180,EMP_057,Marketing,2026-06-17,15:29,Restaurant Adler,30.31,Personal_Card_Reimbursement,Daily_Expense
TX1181,EMP_054,Engineering,2026-06-17,15:46,Staples,66.06,Personal_Card_Reimbursement,Daily_Expense
TX1182,EMP_049,Engineering,2026-06-17,16:35,REWE Markt,36.53,Personal_Card_Reimbursement,Daily_Expense
TX1183,EMP_047,Engineering,2026-06-17,16:50,Starbucks,27.79,Personal_Card_Reimbursement,Daily_Expense
TX1184,EMP_092,Operations,2026-06-17,16:50,REWE Markt,32.32,Personal_Card_Reimbursement,Daily_Expense
TX1185,EMP_033,Engineering,2026-06-17,16:52,Pret A Manger,21.56,Personal_Card_Reimbursement,Daily_Expense
TX1186,EMP_086,Consulting,2026-06-17,16:55,Pret A Manger,24.77,Personal_Card_Reimbursement,Daily_Expense
TX1187,EMP_099,Operations,2026-06-17,16:58,Vapiano,35.58,Personal_Card_Reimbursement,Daily_Expense
TX1188,EMP_100,Operations,2026-06-17,17:37,Vapiano,26.77,Personal_Card_Reimbursement,Daily_Expense
TX1189,EMP_057,Marketing,2026-06-17,17:59,Starbucks,34.93,Personal_Card_Reimbursement,Daily_Expense
TX1190,EMP_045,Engineering,2026-06-17,18:07,Staples,72.07,Personal_Card_Reimbursement,Daily_Expense
TX1191,EMP_009,Sales,2026-06-17,18:15,Lufthansa,524.87,TMC_Corporate,Business_Trip
TX1192,EMP_084,Consulting,2026-06-17,18:23,REWE Markt,25.50,Personal_Card_Reimbursement,Daily_Expense
TX1193,EMP_007,Sales,2026-06-17,18:26,K+M Mobility Services,195.29,Personal_Card_Reimbursement,Daily_Expense
TX1194,EMP_057,Marketing,2026-06-17,18:44,REWE Markt,22.61,Personal_Card_Reimbursement,Daily_Expense
TX1195,EMP_030,Engineering,2026-06-17,18:47,Starbucks,22.39,Personal_Card_Reimbursement,Daily_Expense
TX1196,EMP_041,Engineering,2026-06-17,19:13,Pret A Manger,16.97,Personal_Card_Reimbursement,Daily_Expense
TX1197,EMP_009,Sales,2026-06-17,19:21,Restaurant Adler,31.46,Personal_Card_Reimbursement,Daily_Expense
TX1198,EMP_041,Engineering,2026-06-17,19:33,Restaurant Adler,35.93,Personal_Card_Reimbursement,Daily_Expense
TX1199,EMP_097,Operations,2026-06-17,19:35,Starbucks,15.74,Personal_Card_Reimbursement,Daily_Expense
TX1200,EMP_008,Sales,2026-06-17,19:43,Vapiano,18.23,Personal_Card_Reimbursement,Daily_Expense
TX1201,EMP_058,Marketing,2026-06-17,19:43,Staples,35.26,Personal_Card_Reimbursement,Daily_Expense
TX1202,EMP_092,Operations,2026-06-17,19:54,Office Depot,61.37,Personal_Card_Reimbursement,Daily_Expense
TX1203,EMP_029,Engineering,2026-06-18,08:00,BVG,2.75,Personal_Card_Reimbursement,Daily_Expense
TX1204,EMP_057,Marketing,2026-06-18,08:00,MVV,3.05,Personal_Card_Reimbursement,Daily_Expense
TX1205,EMP_067,Marketing,2026-06-18,08:00,BVG,2.48,Personal_Card_Reimbursement,Daily_Expense
TX1206,EMP_054,Engineering,2026-06-18,08:02,MVV,2.08,Personal_Card_Reimbursement,Daily_Expense
TX1207,EMP_060,Marketing,2026-06-18,08:04,MVV,3.45,Personal_Card_Reimbursement,Daily_Expense
TX1208,EMP_062,Marketing,2026-06-18,08:04,Bolt Operations OU,12.44,Personal_Card_Reimbursement,Daily_Expense
TX1209,EMP_038,Engineering,2026-06-18,08:06,Uber BV,10.29,Personal_Card_Reimbursement,Daily_Expense
TX1210,EMP_080,Consulting,2026-06-18,08:06,MVV,3.38,Personal_Card_Reimbursement,Daily_Expense
TX1211,EMP_030,Engineering,2026-06-18,08:07,MVV,2.61,Personal_Card_Reimbursement,Daily_Expense
TX1212,EMP_051,Engineering,2026-06-18,08:08,Free Now,14.78,Personal_Card_Reimbursement,Daily_Expense
TX1213,EMP_037,Engineering,2026-06-18,08:09,Uber BV,9.58,Personal_Card_Reimbursement,Daily_Expense
TX1214,EMP_044,Engineering,2026-06-18,08:11,Wiener Linien,3.41,Personal_Card_Reimbursement,Daily_Expense
TX1215,EMP_052,Engineering,2026-06-18,08:11,Uber BV,13.07,Personal_Card_Reimbursement,Daily_Expense
TX1216,EMP_034,Engineering,2026-06-18,08:13,BVG,3.51,Personal_Card_Reimbursement,Daily_Expense
TX1217,EMP_068,Marketing,2026-06-18,08:13,Wiener Linien,3.22,Personal_Card_Reimbursement,Daily_Expense
TX1218,EMP_007,Sales,2026-06-18,08:14,MVV,3.30,Personal_Card_Reimbursement,Daily_Expense
TX1219,EMP_016,Sales,2026-06-18,08:15,Metro Paris,2.03,Personal_Card_Reimbursement,Daily_Expense
TX1220,EMP_058,Marketing,2026-06-18,08:16,Wiener Linien,3.60,Personal_Card_Reimbursement,Daily_Expense
TX1221,EMP_056,Marketing,2026-06-18,08:20,Bolt Operations OU,10.85,Personal_Card_Reimbursement,Daily_Expense
TX1222,EMP_050,Engineering,2026-06-18,08:23,Metro Paris,2.06,Personal_Card_Reimbursement,Daily_Expense
TX1223,EMP_028,Engineering,2026-06-18,08:23,MVV,3.51,Personal_Card_Reimbursement,Daily_Expense
TX1224,EMP_096,Operations,2026-06-18,08:23,Wiener Linien,2.05,Personal_Card_Reimbursement,Daily_Expense
TX1225,EMP_033,Engineering,2026-06-18,08:30,Metro Paris,2.53,Personal_Card_Reimbursement,Daily_Expense
TX1226,EMP_042,Engineering,2026-06-18,08:31,Uber BV,12.96,Personal_Card_Reimbursement,Daily_Expense
TX1227,EMP_027,Engineering,2026-06-18,08:32,Wiener Linien,2.87,Personal_Card_Reimbursement,Daily_Expense
TX1228,EMP_039,Engineering,2026-06-18,08:34,Wiener Linien,2.77,Personal_Card_Reimbursement,Daily_Expense
TX1229,EMP_055,Engineering,2026-06-18,08:34,Bolt Operations OU,14.96,Personal_Card_Reimbursement,Daily_Expense
TX1230,EMP_032,Engineering,2026-06-18,08:36,Free Now,13.99,Personal_Card_Reimbursement,Daily_Expense
TX1231,EMP_053,Engineering,2026-06-18,08:37,Metro Paris,2.82,Personal_Card_Reimbursement,Daily_Expense
TX1232,EMP_031,Engineering,2026-06-18,08:37,Free Now,10.95,Personal_Card_Reimbursement,Daily_Expense
TX1233,EMP_064,Marketing,2026-06-18,08:38,Wiener Linien,3.57,Personal_Card_Reimbursement,Daily_Expense
TX1234,EMP_061,Marketing,2026-06-18,08:38,Uber BV,14.81,Personal_Card_Reimbursement,Daily_Expense
TX1235,EMP_043,Engineering,2026-06-18,08:40,BVG,2.78,Personal_Card_Reimbursement,Daily_Expense
TX1236,EMP_048,Engineering,2026-06-18,08:40,Bolt Operations OU,12.57,Personal_Card_Reimbursement,Daily_Expense
TX1237,EMP_010,Sales,2026-06-18,08:40,MVV,2.69,Personal_Card_Reimbursement,Daily_Expense
TX1238,EMP_063,Marketing,2026-06-18,08:42,MVV,3.55,Personal_Card_Reimbursement,Daily_Expense
TX1239,EMP_035,Engineering,2026-06-18,08:43,Bolt Operations OU,14.00,Personal_Card_Reimbursement,Daily_Expense
TX1240,EMP_047,Engineering,2026-06-18,08:44,Free Now,12.25,Personal_Card_Reimbursement,Daily_Expense
TX1241,EMP_041,Engineering,2026-06-18,08:48,Uber BV,11.86,Personal_Card_Reimbursement,Daily_Expense
TX1242,EMP_084,Consulting,2026-06-18,08:48,Wiener Linien,2.89,Personal_Card_Reimbursement,Daily_Expense
TX1243,EMP_036,Engineering,2026-06-18,11:25,Pret A Manger,19.26,Personal_Card_Reimbursement,Daily_Expense
TX1244,EMP_084,Consulting,2026-06-18,11:30,Vapiano,4.68,Personal_Card_Reimbursement,Daily_Expense
TX1245,EMP_068,Marketing,2026-06-18,11:32,Starbucks,35.95,Personal_Card_Reimbursement,Daily_Expense
TX1246,EMP_034,Engineering,2026-06-18,11:37,Pret A Manger,17.20,Personal_Card_Reimbursement,Daily_Expense
TX1247,EMP_022,Sales,2026-06-18,11:42,Vapiano,17.37,Personal_Card_Reimbursement,Daily_Expense
TX1248,EMP_041,Engineering,2026-06-18,11:44,Vapiano,21.56,Personal_Card_Reimbursement,Daily_Expense
TX1249,EMP_022,Sales,2026-06-18,11:44,Restaurant Adler,24.85,Personal_Card_Reimbursement,Daily_Expense
TX1250,EMP_052,Engineering,2026-06-18,11:52,Vapiano,22.94,Personal_Card_Reimbursement,Daily_Expense
TX1251,EMP_072,Consulting,2026-06-18,11:52,Vapiano,31.00,Personal_Card_Reimbursement,Daily_Expense
TX1252,EMP_050,Engineering,2026-06-18,11:58,Pret A Manger,12.24,Personal_Card_Reimbursement,Daily_Expense
TX1253,EMP_024,Sales,2026-06-18,12:05,Motel One Wien,106.69,TMC_Corporate,Business_Trip
TX1254,EMP_090,Consulting,2026-06-18,12:20,Restaurant Adler,23.43,Personal_Card_Reimbursement,Daily_Expense
TX1255,EMP_009,Sales,2026-06-18,12:25,Vapiano,26.84,Personal_Card_Reimbursement,Daily_Expense
TX1256,EMP_023,Sales,2026-06-18,12:32,Vapiano,7.62,Personal_Card_Reimbursement,Daily_Expense
TX1257,EMP_056,Marketing,2026-06-18,12:40,Starbucks,33.25,Personal_Card_Reimbursement,Daily_Expense
TX1258,EMP_087,Consulting,2026-06-18,12:40,Restaurant Adler,22.22,Personal_Card_Reimbursement,Daily_Expense
TX1259,EMP_095,Operations,2026-06-18,12:52,Starbucks,28.39,Personal_Card_Reimbursement,Daily_Expense
TX1260,EMP_099,Operations,2026-06-18,12:58,Vapiano,24.87,Personal_Card_Reimbursement,Daily_Expense
TX1261,EMP_063,Marketing,2026-06-18,13:06,Starbucks,35.31,Personal_Card_Reimbursement,Daily_Expense
TX1262,EMP_039,Engineering,2026-06-18,13:08,Vapiano,33.61,Personal_Card_Reimbursement,Daily_Expense
TX1263,EMP_047,Engineering,2026-06-18,13:08,Restaurant Adler,13.81,Personal_Card_Reimbursement,Daily_Expense
TX1264,EMP_006,Sales,2026-06-18,13:10,REWE Markt,22.92,Personal_Card_Reimbursement,Daily_Expense
TX1265,EMP_027,Engineering,2026-06-18,13:16,REWE Markt,32.01,Personal_Card_Reimbursement,Daily_Expense
TX1266,EMP_018,Sales,2026-06-18,13:20,Restaurant Adler,26.31,Personal_Card_Reimbursement,Daily_Expense
TX1267,EMP_051,Engineering,2026-06-18,13:29,Starbucks,19.33,Personal_Card_Reimbursement,Daily_Expense
TX1268,EMP_050,Engineering,2026-06-18,13:33,Starbucks,30.22,Personal_Card_Reimbursement,Daily_Expense
TX1269,EMP_029,Engineering,2026-06-18,13:39,Restaurant Adler,8.85,Personal_Card_Reimbursement,Daily_Expense
TX1270,EMP_088,Consulting,2026-06-18,13:53,Vapiano,37.91,Personal_Card_Reimbursement,Daily_Expense
TX1271,EMP_097,Operations,2026-06-18,14:09,Vapiano,25.40,Personal_Card_Reimbursement,Daily_Expense
TX1272,EMP_025,Sales,2026-06-18,14:10,Pret A Manger,18.86,Personal_Card_Reimbursement,Daily_Expense
TX1273,EMP_029,Engineering,2026-06-18,14:10,Pret A Manger,35.18,Personal_Card_Reimbursement,Daily_Expense
TX1274,EMP_018,Sales,2026-06-18,14:12,REWE Markt,12.65,Personal_Card_Reimbursement,Daily_Expense
TX1275,EMP_050,Engineering,2026-06-18,14:17,Restaurant Adler,35.14,Personal_Card_Reimbursement,Daily_Expense
TX1276,EMP_086,Consulting,2026-06-18,14:20,REWE Markt,16.42,Personal_Card_Reimbursement,Daily_Expense
TX1277,EMP_077,Consulting,2026-06-18,14:23,Pret A Manger,6.18,Personal_Card_Reimbursement,Daily_Expense
TX1278,EMP_003,Sales,2026-06-18,14:36,REWE Markt,15.94,Personal_Card_Reimbursement,Daily_Expense
TX1279,EMP_094,Operations,2026-06-18,15:15,Vapiano,8.51,Personal_Card_Reimbursement,Daily_Expense
TX1280,EMP_011,Sales,2026-06-18,15:18,Office Depot,29.16,Personal_Card_Reimbursement,Daily_Expense
TX1281,EMP_069,Marketing,2026-06-18,15:43,REWE Markt,16.43,Personal_Card_Reimbursement,Daily_Expense
TX1282,EMP_025,Sales,2026-06-18,15:44,Starbucks,32.21,Personal_Card_Reimbursement,Daily_Expense
TX1283,EMP_009,Sales,2026-06-18,15:46,Vapiano,18.17,Personal_Card_Reimbursement,Daily_Expense
TX1284,EMP_068,Marketing,2026-06-18,16:02,Restaurant Adler,12.85,Personal_Card_Reimbursement,Daily_Expense
TX1285,EMP_040,Engineering,2026-06-18,16:11,Staples,23.54,Personal_Card_Reimbursement,Daily_Expense
TX1286,EMP_040,Engineering,2026-06-18,16:16,Pret A Manger,23.43,Personal_Card_Reimbursement,Daily_Expense
TX1287,EMP_088,Consulting,2026-06-18,16:22,REWE Markt,5.85,Personal_Card_Reimbursement,Daily_Expense
TX1288,EMP_098,Operations,2026-06-18,16:32,REWE Markt,30.22,Personal_Card_Reimbursement,Daily_Expense
TX1289,EMP_048,Engineering,2026-06-18,16:38,Office Depot,44.45,Personal_Card_Reimbursement,Daily_Expense
TX1290,EMP_040,Engineering,2026-06-18,16:52,Pret A Manger,7.72,Personal_Card_Reimbursement,Daily_Expense
TX1291,EMP_062,Marketing,2026-06-18,16:53,Starbucks,24.15,Personal_Card_Reimbursement,Daily_Expense
TX1292,EMP_004,Sales,2026-06-18,17:10,Office Depot,23.20,Personal_Card_Reimbursement,Daily_Expense
TX1293,EMP_071,Consulting,2026-06-18,17:12,Restaurant Adler,37.49,Personal_Card_Reimbursement,Daily_Expense
TX1294,EMP_027,Engineering,2026-06-18,17:17,Vapiano,16.41,Personal_Card_Reimbursement,Daily_Expense
TX1295,EMP_013,Sales,2026-06-18,17:22,Vapiano,37.73,Personal_Card_Reimbursement,Daily_Expense
TX1296,EMP_021,Sales,2026-06-18,17:24,Restaurant Adler,14.76,Personal_Card_Reimbursement,Daily_Expense
TX1297,EMP_094,Operations,2026-06-18,17:37,Pret A Manger,12.43,Personal_Card_Reimbursement,Daily_Expense
TX1298,EMP_029,Engineering,2026-06-18,17:48,REWE Markt,27.32,Personal_Card_Reimbursement,Daily_Expense
TX1299,EMP_057,Marketing,2026-06-18,17:48,Vapiano,24.72,Personal_Card_Reimbursement,Daily_Expense
TX1300,EMP_011,Sales,2026-06-18,17:53,Vapiano,10.18,Personal_Card_Reimbursement,Daily_Expense
TX1301,EMP_060,Marketing,2026-06-18,18:02,REWE Markt,37.84,Personal_Card_Reimbursement,Daily_Expense
TX1302,EMP_065,Marketing,2026-06-18,18:35,Restaurant Adler,29.91,Personal_Card_Reimbursement,Daily_Expense
TX1303,EMP_045,Engineering,2026-06-18,18:36,REWE Markt,17.02,Personal_Card_Reimbursement,Daily_Expense
TX1304,EMP_066,Marketing,2026-06-18,18:37,REWE Markt,4.69,Personal_Card_Reimbursement,Daily_Expense
TX1305,EMP_011,Sales,2026-06-18,18:48,REWE Markt,6.64,Personal_Card_Reimbursement,Daily_Expense
TX1306,EMP_025,Sales,2026-06-18,18:54,REWE Markt,11.13,Personal_Card_Reimbursement,Daily_Expense
TX1307,EMP_039,Engineering,2026-06-18,18:56,Starbucks,9.52,Personal_Card_Reimbursement,Daily_Expense
TX1308,EMP_031,Engineering,2026-06-18,19:12,Office Depot,78.66,Personal_Card_Reimbursement,Daily_Expense
TX1309,EMP_092,Operations,2026-06-18,19:18,REWE Markt,32.85,Personal_Card_Reimbursement,Daily_Expense
TX1310,EMP_026,Engineering,2026-06-18,19:29,Pret A Manger,12.54,Personal_Card_Reimbursement,Daily_Expense
TX1311,EMP_042,Engineering,2026-06-18,19:29,REWE Markt,13.32,Personal_Card_Reimbursement,Daily_Expense
TX1312,EMP_055,Engineering,2026-06-18,19:50,REWE Markt,34.53,Personal_Card_Reimbursement,Daily_Expense
TX1313,EMP_037,Engineering,2026-06-19,08:00,Uber BV,9.78,Personal_Card_Reimbursement,Daily_Expense
TX1314,EMP_062,Marketing,2026-06-19,08:00,Bolt Operations OU,14.10,Personal_Card_Reimbursement,Daily_Expense
TX1315,EMP_011,Sales,2026-06-19,08:00,Metro Paris,2.64,Personal_Card_Reimbursement,Daily_Expense
TX1316,EMP_057,Marketing,2026-06-19,08:01,MVV,2.59,Personal_Card_Reimbursement,Daily_Expense
TX1317,EMP_038,Engineering,2026-06-19,08:04,Uber BV,9.94,Personal_Card_Reimbursement,Daily_Expense
TX1318,EMP_060,Marketing,2026-06-19,08:04,MVV,3.01,Personal_Card_Reimbursement,Daily_Expense
TX1319,EMP_007,Sales,2026-06-19,08:06,MVV,3.50,Personal_Card_Reimbursement,Daily_Expense
TX1320,EMP_049,Engineering,2026-06-19,08:08,Wiener Linien,2.30,Personal_Card_Reimbursement,Daily_Expense
TX1321,EMP_068,Marketing,2026-06-19,08:09,Wiener Linien,2.59,Personal_Card_Reimbursement,Daily_Expense
TX1322,EMP_079,Consulting,2026-06-19,08:10,Wiener Linien,2.45,Personal_Card_Reimbursement,Daily_Expense
TX1323,EMP_058,Marketing,2026-06-19,08:11,Wiener Linien,2.66,Personal_Card_Reimbursement,Daily_Expense
TX1324,EMP_059,Marketing,2026-06-19,08:12,Bolt Operations OU,13.34,Personal_Card_Reimbursement,Daily_Expense
TX1325,EMP_034,Engineering,2026-06-19,08:13,BVG,2.95,Personal_Card_Reimbursement,Daily_Expense
TX1326,EMP_050,Engineering,2026-06-19,08:23,Metro Paris,3.31,Personal_Card_Reimbursement,Daily_Expense
TX1327,EMP_027,Engineering,2026-06-19,08:24,Wiener Linien,2.43,Personal_Card_Reimbursement,Daily_Expense
TX1328,EMP_046,Engineering,2026-06-19,08:27,BVG,2.73,Personal_Card_Reimbursement,Daily_Expense
TX1329,EMP_096,Operations,2026-06-19,08:27,Wiener Linien,2.27,Personal_Card_Reimbursement,Daily_Expense
TX1330,EMP_028,Engineering,2026-06-19,08:30,MVV,3.10,Personal_Card_Reimbursement,Daily_Expense
TX1331,EMP_056,Marketing,2026-06-19,08:31,Bolt Operations OU,13.90,Personal_Card_Reimbursement,Daily_Expense
TX1332,EMP_069,Marketing,2026-06-19,08:32,Free Now,9.68,Personal_Card_Reimbursement,Daily_Expense
TX1333,EMP_010,Sales,2026-06-19,08:32,MVV,2.65,Personal_Card_Reimbursement,Daily_Expense
TX1334,EMP_042,Engineering,2026-06-19,08:34,Uber BV,11.91,Personal_Card_Reimbursement,Daily_Expense
TX1335,EMP_035,Engineering,2026-06-19,08:34,Bolt Operations OU,14.71,Personal_Card_Reimbursement,Daily_Expense
TX1336,EMP_061,Marketing,2026-06-19,08:34,Uber BV,11.33,Personal_Card_Reimbursement,Daily_Expense
TX1337,EMP_026,Engineering,2026-06-19,08:36,MVV,2.20,Personal_Card_Reimbursement,Daily_Expense
TX1338,EMP_039,Engineering,2026-06-19,08:36,Wiener Linien,2.08,Personal_Card_Reimbursement,Daily_Expense
TX1339,EMP_055,Engineering,2026-06-19,08:36,Bolt Operations OU,13.98,Personal_Card_Reimbursement,Daily_Expense
TX1340,EMP_032,Engineering,2026-06-19,08:36,Free Now,14.86,Personal_Card_Reimbursement,Daily_Expense
TX1341,EMP_070,Marketing,2026-06-19,08:36,Metro Paris,2.34,Personal_Card_Reimbursement,Daily_Expense
TX1342,EMP_033,Engineering,2026-06-19,08:39,Metro Paris,2.42,Personal_Card_Reimbursement,Daily_Expense
TX1343,EMP_047,Engineering,2026-06-19,08:39,Free Now,12.79,Personal_Card_Reimbursement,Daily_Expense
TX1344,EMP_043,Engineering,2026-06-19,08:40,BVG,3.09,Personal_Card_Reimbursement,Daily_Expense
TX1345,EMP_064,Marketing,2026-06-19,08:40,Wiener Linien,3.44,Personal_Card_Reimbursement,Daily_Expense
TX1346,EMP_053,Engineering,2026-06-19,08:43,Metro Paris,2.87,Personal_Card_Reimbursement,Daily_Expense
TX1347,EMP_041,Engineering,2026-06-19,08:43,Uber BV,12.56,Personal_Card_Reimbursement,Daily_Expense
TX1348,EMP_063,Marketing,2026-06-19,08:43,MVV,2.08,Personal_Card_Reimbursement,Daily_Expense
TX1349,EMP_084,Consulting,2026-06-19,08:43,Wiener Linien,2.71,Personal_Card_Reimbursement,Daily_Expense
TX1350,EMP_048,Engineering,2026-06-19,08:51,Bolt Operations OU,11.26,Personal_Card_Reimbursement,Daily_Expense
TX1351,EMP_017,Sales,2026-06-19,08:58,Air France,456.36,TMC_Corporate,Business_Trip
TX1352,EMP_019,Sales,2026-06-19,10:05,Uber BV,83.65,Personal_Card_Reimbursement,Business_Trip
TX1353,EMP_099,Operations,2026-06-19,11:12,Pret A Manger,29.08,Personal_Card_Reimbursement,Daily_Expense
TX1354,EMP_053,Engineering,2026-06-19,11:15,Pret A Manger,24.44,Personal_Card_Reimbursement,Daily_Expense
TX1355,EMP_091,Operations,2026-06-19,11:29,REWE Markt,29.41,Personal_Card_Reimbursement,Daily_Expense
TX1356,EMP_024,Sales,2026-06-19,11:40,Marriott Muenchen,95.98,Personal_Card_Reimbursement,Business_Trip
TX1357,EMP_098,Operations,2026-06-19,11:59,Vapiano,7.55,Personal_Card_Reimbursement,Daily_Expense
TX1358,EMP_050,Engineering,2026-06-19,12:21,REWE Markt,33.92,Personal_Card_Reimbursement,Daily_Expense
TX1359,EMP_057,Marketing,2026-06-19,12:52,REWE Markt,37.14,Personal_Card_Reimbursement,Daily_Expense
TX1360,EMP_099,Operations,2026-06-19,12:57,Restaurant Adler,25.30,Personal_Card_Reimbursement,Daily_Expense
TX1361,EMP_041,Engineering,2026-06-19,13:16,Starbucks,33.70,Personal_Card_Reimbursement,Daily_Expense
TX1362,EMP_088,Consulting,2026-06-19,13:28,REWE Markt,10.86,Personal_Card_Reimbursement,Daily_Expense
TX1363,EMP_028,Engineering,2026-06-19,13:35,Starbucks,5.11,Personal_Card_Reimbursement,Daily_Expense
TX1364,EMP_082,Consulting,2026-06-19,13:55,Restaurant Adler,26.69,Personal_Card_Reimbursement,Daily_Expense
TX1365,EMP_054,Engineering,2026-06-19,14:04,Office Depot,11.72,Personal_Card_Reimbursement,Daily_Expense
TX1366,EMP_052,Engineering,2026-06-19,14:06,K+M Mobility Services,31.99,TMC_Corporate,Business_Trip
TX1367,EMP_078,Consulting,2026-06-19,14:38,Staples,21.79,Personal_Card_Reimbursement,Daily_Expense
TX1368,EMP_029,Engineering,2026-06-19,15:03,Office Depot,62.75,Personal_Card_Reimbursement,Daily_Expense
TX1369,EMP_039,Engineering,2026-06-19,15:09,Office Depot,84.66,Personal_Card_Reimbursement,Daily_Expense
TX1370,EMP_076,Consulting,2026-06-19,15:21,Staples,46.00,Personal_Card_Reimbursement,Daily_Expense
TX1371,EMP_069,Marketing,2026-06-19,15:53,Starbucks,8.92,Personal_Card_Reimbursement,Daily_Expense
TX1372,EMP_038,Engineering,2026-06-19,16:27,Vapiano,24.28,Personal_Card_Reimbursement,Daily_Expense
TX1373,EMP_060,Marketing,2026-06-19,16:54,Starbucks,30.93,Personal_Card_Reimbursement,Daily_Expense
TX1374,EMP_039,Engineering,2026-06-19,17:38,Starbucks,13.16,Personal_Card_Reimbursement,Daily_Expense
TX1375,EMP_054,Engineering,2026-06-19,17:46,Restaurant Adler,9.57,Personal_Card_Reimbursement,Daily_Expense
TX1376,EMP_041,Engineering,2026-06-19,18:01,Pret A Manger,17.84,Personal_Card_Reimbursement,Daily_Expense
TX1377,EMP_097,Operations,2026-06-19,18:06,REWE Markt,8.48,Personal_Card_Reimbursement,Daily_Expense
TX1378,EMP_042,Engineering,2026-06-19,18:07,Starbucks,5.03,Personal_Card_Reimbursement,Daily_Expense
TX1379,EMP_028,Engineering,2026-06-19,18:10,Restaurant Adler,37.75,Personal_Card_Reimbursement,Daily_Expense
TX1380,EMP_020,Sales,2026-06-19,18:12,Pret A Manger,13.91,Personal_Card_Reimbursement,Daily_Expense
TX1381,EMP_024,Sales,2026-06-19,18:16,Vapiano,12.95,Personal_Card_Reimbursement,Daily_Expense
TX1382,EMP_038,Engineering,2026-06-19,18:19,REWE Markt,6.69,Personal_Card_Reimbursement,Daily_Expense
TX1383,EMP_064,Marketing,2026-06-19,18:31,Vapiano,13.98,Personal_Card_Reimbursement,Daily_Expense
TX1384,EMP_022,Sales,2026-06-19,18:47,Pret A Manger,20.19,Personal_Card_Reimbursement,Daily_Expense
TX1385,EMP_030,Engineering,2026-06-19,18:47,Restaurant Adler,11.25,Personal_Card_Reimbursement,Daily_Expense
TX1386,EMP_072,Consulting,2026-06-19,18:53,Vapiano,4.03,Personal_Card_Reimbursement,Daily_Expense
TX1387,EMP_005,Sales,2026-06-19,19:07,Pret A Manger,28.27,Personal_Card_Reimbursement,Daily_Expense
TX1388,EMP_058,Marketing,2026-06-19,19:08,Staples,57.15,Personal_Card_Reimbursement,Daily_Expense
TX1389,EMP_048,Engineering,2026-06-19,19:19,Pret A Manger,37.17,Personal_Card_Reimbursement,Daily_Expense
TX1390,EMP_077,Consulting,2026-06-19,19:20,Vapiano,34.68,Personal_Card_Reimbursement,Daily_Expense
TX1391,EMP_047,Engineering,2026-06-19,19:24,Starbucks,30.38,Personal_Card_Reimbursement,Daily_Expense
TX1392,EMP_030,Engineering,2026-06-19,19:25,Starbucks,7.41,Personal_Card_Reimbursement,Daily_Expense
TX1393,EMP_028,Engineering,2026-06-19,19:25,Pret A Manger,16.56,Personal_Card_Reimbursement,Daily_Expense
TX1394,EMP_061,Marketing,2026-06-19,19:28,Pret A Manger,35.79,Personal_Card_Reimbursement,Daily_Expense
TX1395,EMP_018,Sales,2026-06-19,19:41,Starbucks,11.82,Personal_Card_Reimbursement,Daily_Expense
TX1396,EMP_023,Sales,2026-06-22,07:14,Gasthaus Krone,52.83,TMC_Corporate,Business_Trip
TX1397,EMP_060,Marketing,2026-06-22,08:01,MVV,2.23,Personal_Card_Reimbursement,Daily_Expense
TX1398,EMP_057,Marketing,2026-06-22,08:01,MVV,3.43,Personal_Card_Reimbursement,Daily_Expense
TX1399,EMP_044,Engineering,2026-06-22,08:03,Wiener Linien,2.83,Personal_Card_Reimbursement,Daily_Expense
TX1400,EMP_037,Engineering,2026-06-22,08:03,Uber BV,12.37,Personal_Card_Reimbursement,Daily_Expense
TX1401,EMP_067,Marketing,2026-06-22,08:03,BVG,3.10,Personal_Card_Reimbursement,Daily_Expense
TX1402,EMP_030,Engineering,2026-06-22,08:04,MVV,2.48,Personal_Card_Reimbursement,Daily_Expense
TX1403,EMP_080,Consulting,2026-06-22,08:04,MVV,2.62,Personal_Card_Reimbursement,Daily_Expense
TX1404,EMP_068,Marketing,2026-06-22,08:05,Wiener Linien,2.40,Personal_Card_Reimbursement,Daily_Expense
TX1405,EMP_054,Engineering,2026-06-22,08:06,MVV,2.21,Personal_Card_Reimbursement,Daily_Expense
TX1406,EMP_007,Sales,2026-06-22,08:06,MVV,2.15,Personal_Card_Reimbursement,Daily_Expense
TX1407,EMP_079,Consulting,2026-06-22,08:07,Wiener Linien,2.18,Personal_Card_Reimbursement,Daily_Expense
TX1408,EMP_049,Engineering,2026-06-22,08:08,Wiener Linien,2.29,Personal_Card_Reimbursement,Daily_Expense
TX1409,EMP_052,Engineering,2026-06-22,08:08,Uber BV,10.69,Personal_Card_Reimbursement,Daily_Expense
TX1410,EMP_011,Sales,2026-06-22,08:08,Metro Paris,2.90,Personal_Card_Reimbursement,Daily_Expense
TX1411,EMP_038,Engineering,2026-06-22,08:09,Uber BV,13.66,Personal_Card_Reimbursement,Daily_Expense
TX1412,EMP_016,Sales,2026-06-22,08:09,Metro Paris,2.67,Personal_Card_Reimbursement,Daily_Expense
TX1413,EMP_034,Engineering,2026-06-22,08:13,BVG,3.05,Personal_Card_Reimbursement,Daily_Expense
TX1414,EMP_059,Marketing,2026-06-22,08:15,Bolt Operations OU,11.16,Personal_Card_Reimbursement,Daily_Expense
TX1415,EMP_051,Engineering,2026-06-22,08:16,Free Now,13.06,Personal_Card_Reimbursement,Daily_Expense
TX1416,EMP_050,Engineering,2026-06-22,08:19,Metro Paris,3.31,Personal_Card_Reimbursement,Daily_Expense
TX1417,EMP_069,Marketing,2026-06-22,08:20,Free Now,12.69,Personal_Card_Reimbursement,Daily_Expense
TX1418,EMP_028,Engineering,2026-06-22,08:24,MVV,3.12,Personal_Card_Reimbursement,Daily_Expense
TX1419,EMP_027,Engineering,2026-06-22,08:26,Wiener Linien,2.27,Personal_Card_Reimbursement,Daily_Expense
TX1420,EMP_056,Marketing,2026-06-22,08:26,Bolt Operations OU,9.44,Personal_Card_Reimbursement,Daily_Expense
TX1421,EMP_096,Operations,2026-06-22,08:27,Wiener Linien,3.24,Personal_Card_Reimbursement,Daily_Expense
TX1422,EMP_026,Engineering,2026-06-22,08:30,MVV,2.88,Personal_Card_Reimbursement,Daily_Expense
TX1423,EMP_031,Engineering,2026-06-22,08:30,Free Now,13.14,Personal_Card_Reimbursement,Daily_Expense
TX1424,EMP_046,Engineering,2026-06-22,08:32,BVG,2.57,Personal_Card_Reimbursement,Daily_Expense
TX1425,EMP_064,Marketing,2026-06-22,08:33,Wiener Linien,2.96,Personal_Card_Reimbursement,Daily_Expense
TX1426,EMP_070,Marketing,2026-06-22,08:34,Metro Paris,3.02,Personal_Card_Reimbursement,Daily_Expense
TX1427,EMP_033,Engineering,2026-06-22,08:36,Metro Paris,3.13,Personal_Card_Reimbursement,Daily_Expense
TX1428,EMP_043,Engineering,2026-06-22,08:36,BVG,3.34,Personal_Card_Reimbursement,Daily_Expense
TX1429,EMP_039,Engineering,2026-06-22,08:36,Wiener Linien,2.10,Personal_Card_Reimbursement,Daily_Expense
TX1430,EMP_042,Engineering,2026-06-22,08:36,Uber BV,12.26,Personal_Card_Reimbursement,Daily_Expense
TX1431,EMP_041,Engineering,2026-06-22,08:36,Uber BV,14.67,Personal_Card_Reimbursement,Daily_Expense
TX1432,EMP_061,Marketing,2026-06-22,08:37,Uber BV,12.88,Personal_Card_Reimbursement,Daily_Expense
TX1433,EMP_055,Engineering,2026-06-22,08:40,Bolt Operations OU,12.40,Personal_Card_Reimbursement,Daily_Expense
TX1434,EMP_035,Engineering,2026-06-22,08:41,Bolt Operations OU,10.30,Personal_Card_Reimbursement,Daily_Expense
TX1435,EMP_010,Sales,2026-06-22,08:41,MVV,2.89,Personal_Card_Reimbursement,Daily_Expense
TX1436,EMP_032,Engineering,2026-06-22,08:42,Free Now,12.04,Personal_Card_Reimbursement,Daily_Expense
TX1437,EMP_053,Engineering,2026-06-22,08:46,Metro Paris,2.83,Personal_Card_Reimbursement,Daily_Expense
TX1438,EMP_084,Consulting,2026-06-22,08:48,Wiener Linien,3.09,Personal_Card_Reimbursement,Daily_Expense
TX1439,EMP_063,Marketing,2026-06-22,08:49,MVV,3.41,Personal_Card_Reimbursement,Daily_Expense
TX1440,EMP_048,Engineering,2026-06-22,08:50,Bolt Operations OU,9.77,Personal_Card_Reimbursement,Daily_Expense
TX1441,EMP_008,Sales,2026-06-22,11:04,REWE Markt,34.89,Personal_Card_Reimbursement,Daily_Expense
TX1442,EMP_048,Engineering,2026-06-22,11:11,Starbucks,13.28,Personal_Card_Reimbursement,Daily_Expense
TX1443,EMP_064,Marketing,2026-06-22,11:13,REWE Markt,23.76,Personal_Card_Reimbursement,Daily_Expense
TX1444,EMP_043,Engineering,2026-06-22,11:22,Pret A Manger,29.31,Personal_Card_Reimbursement,Daily_Expense
TX1445,EMP_045,Engineering,2026-06-22,11:32,Starbucks,34.16,Personal_Card_Reimbursement,Daily_Expense
TX1446,EMP_059,Marketing,2026-06-22,11:38,Starbucks,22.48,Personal_Card_Reimbursement,Daily_Expense
TX1447,EMP_091,Operations,2026-06-22,11:41,Office Depot,65.08,Personal_Card_Reimbursement,Daily_Expense
TX1448,EMP_081,Consulting,2026-06-22,11:42,REWE Markt,9.75,Personal_Card_Reimbursement,Daily_Expense
TX1449,EMP_009,Sales,2026-06-22,11:43,Staples,39.40,Personal_Card_Reimbursement,Daily_Expense
TX1450,EMP_073,Consulting,2026-06-22,11:47,Restaurant Adler,19.73,Personal_Card_Reimbursement,Daily_Expense
TX1451,EMP_045,Engineering,2026-06-22,12:28,Pret A Manger,11.72,Personal_Card_Reimbursement,Daily_Expense
TX1452,EMP_058,Marketing,2026-06-22,12:30,Vapiano,21.91,Personal_Card_Reimbursement,Daily_Expense
TX1453,EMP_099,Operations,2026-06-22,12:34,Starbucks,18.83,Personal_Card_Reimbursement,Daily_Expense
TX1454,EMP_090,Consulting,2026-06-22,12:34,Pret A Manger,22.30,Personal_Card_Reimbursement,Daily_Expense
TX1455,EMP_068,Marketing,2026-06-22,12:41,REWE Markt,11.13,Personal_Card_Reimbursement,Daily_Expense
TX1456,EMP_055,Engineering,2026-06-22,12:46,Staples,78.57,Personal_Card_Reimbursement,Daily_Expense
TX1457,EMP_039,Engineering,2026-06-22,12:59,Vapiano,37.55,Personal_Card_Reimbursement,Daily_Expense
TX1458,EMP_065,Marketing,2026-06-22,13:04,Starbucks,22.76,Personal_Card_Reimbursement,Daily_Expense
TX1459,EMP_050,Engineering,2026-06-22,13:07,REWE Markt,26.06,Personal_Card_Reimbursement,Daily_Expense
TX1460,EMP_049,Engineering,2026-06-22,13:32,Restaurant Adler,8.52,Personal_Card_Reimbursement,Daily_Expense
TX1461,EMP_011,Sales,2026-06-22,13:32,Staples,59.19,Personal_Card_Reimbursement,Daily_Expense
TX1462,EMP_092,Operations,2026-06-22,14:00,Vapiano,9.26,Personal_Card_Reimbursement,Daily_Expense
TX1463,EMP_036,Engineering,2026-06-22,14:08,Staples,17.86,Personal_Card_Reimbursement,Daily_Expense
TX1464,EMP_054,Engineering,2026-06-22,14:08,Restaurant Adler,19.12,Personal_Card_Reimbursement,Daily_Expense
TX1465,EMP_054,Engineering,2026-06-22,14:08,Pret A Manger,17.23,Personal_Card_Reimbursement,Daily_Expense
TX1466,EMP_087,Consulting,2026-06-22,14:12,REWE Markt,11.63,Personal_Card_Reimbursement,Daily_Expense
TX1467,EMP_090,Consulting,2026-06-22,14:13,Restaurant Adler,34.51,Personal_Card_Reimbursement,Daily_Expense
TX1468,EMP_013,Sales,2026-06-22,14:21,REWE Markt,27.49,Personal_Card_Reimbursement,Daily_Expense
TX1469,EMP_079,Consulting,2026-06-22,14:27,Starbucks,33.47,Personal_Card_Reimbursement,Daily_Expense
TX1470,EMP_026,Engineering,2026-06-22,14:35,Pret A Manger,26.18,Personal_Card_Reimbursement,Daily_Expense
TX1471,EMP_015,Sales,2026-06-22,14:37,Staples,48.31,Personal_Card_Reimbursement,Daily_Expense
TX1472,EMP_006,Sales,2026-06-22,14:44,Pret A Manger,35.28,Personal_Card_Reimbursement,Daily_Expense
TX1473,EMP_009,Sales,2026-06-22,15:08,KLM,328.61,TMC_Corporate,Business_Trip
TX1474,EMP_029,Engineering,2026-06-22,15:09,Staples,46.46,Personal_Card_Reimbursement,Daily_Expense
TX1475,EMP_024,Sales,2026-06-22,15:22,Restaurant Adler,36.31,Personal_Card_Reimbursement,Daily_Expense
TX1476,EMP_017,Sales,2026-06-22,15:49,Ibis Paris Est,259.28,Personal_Card_Reimbursement,Business_Trip
TX1477,EMP_045,Engineering,2026-06-22,15:49,Restaurant Adler,32.76,Personal_Card_Reimbursement,Daily_Expense
TX1478,EMP_070,Marketing,2026-06-22,15:52,Starbucks,10.53,Personal_Card_Reimbursement,Daily_Expense
TX1479,EMP_014,Sales,2026-06-22,15:53,Vapiano,24.71,Personal_Card_Reimbursement,Daily_Expense
TX1480,EMP_039,Engineering,2026-06-22,15:57,REWE Markt,29.02,Personal_Card_Reimbursement,Daily_Expense
TX1481,EMP_099,Operations,2026-06-22,16:01,Staples,17.54,Personal_Card_Reimbursement,Daily_Expense
TX1482,EMP_065,Marketing,2026-06-22,16:21,REWE Markt,9.25,Personal_Card_Reimbursement,Daily_Expense
TX1483,EMP_070,Marketing,2026-06-22,16:25,Office Depot,72.02,Personal_Card_Reimbursement,Daily_Expense
TX1484,EMP_093,Operations,2026-06-22,16:55,Pret A Manger,31.05,Personal_Card_Reimbursement,Daily_Expense
TX1485,EMP_004,Sales,2026-06-22,16:59,Vapiano,9.24,Personal_Card_Reimbursement,Daily_Expense
TX1486,EMP_028,Engineering,2026-06-22,17:03,Restaurant Adler,27.94,Personal_Card_Reimbursement,Daily_Expense
TX1487,EMP_087,Consulting,2026-06-22,17:04,Vapiano,29.76,Personal_Card_Reimbursement,Daily_Expense
TX1488,EMP_078,Consulting,2026-06-22,17:09,Vapiano,9.85,Personal_Card_Reimbursement,Daily_Expense
TX1489,EMP_017,Sales,2026-06-22,17:18,REWE Markt,29.43,Personal_Card_Reimbursement,Daily_Expense
TX1490,EMP_035,Engineering,2026-06-22,17:21,Starbucks,29.73,Personal_Card_Reimbursement,Daily_Expense
TX1491,EMP_009,Sales,2026-06-22,17:33,Pret A Manger,5.83,Personal_Card_Reimbursement,Daily_Expense
TX1492,EMP_002,Sales,2026-06-22,17:51,Starbucks,14.19,Personal_Card_Reimbursement,Daily_Expense
TX1493,EMP_020,Sales,2026-06-22,17:54,Starbucks,29.91,Personal_Card_Reimbursement,Daily_Expense
TX1494,EMP_041,Engineering,2026-06-22,18:11,REWE Markt,33.54,Personal_Card_Reimbursement,Daily_Expense
TX1495,EMP_094,Operations,2026-06-22,18:14,Vapiano,5.37,Personal_Card_Reimbursement,Daily_Expense
TX1496,EMP_005,Sales,2026-06-22,18:14,Pret A Manger,20.53,Personal_Card_Reimbursement,Daily_Expense
TX1497,EMP_061,Marketing,2026-06-22,18:20,Starbucks,6.55,Personal_Card_Reimbursement,Daily_Expense
TX1498,EMP_073,Consulting,2026-06-22,18:31,Vapiano,28.79,Personal_Card_Reimbursement,Daily_Expense
TX1499,EMP_042,Engineering,2026-06-22,18:38,REWE Markt,17.08,Personal_Card_Reimbursement,Daily_Expense
TX1500,EMP_050,Engineering,2026-06-22,18:42,REWE Markt,23.34,Personal_Card_Reimbursement,Daily_Expense
TX1501,EMP_100,Operations,2026-06-22,18:45,Restaurant Adler,21.08,Personal_Card_Reimbursement,Daily_Expense
TX1502,EMP_025,Sales,2026-06-22,19:03,Starbucks,24.51,Personal_Card_Reimbursement,Daily_Expense
TX1503,EMP_054,Engineering,2026-06-22,19:03,Restaurant Adler,11.98,Personal_Card_Reimbursement,Daily_Expense
TX1504,EMP_055,Engineering,2026-06-22,19:12,Pret A Manger,4.16,Personal_Card_Reimbursement,Daily_Expense
TX1505,EMP_058,Marketing,2026-06-22,19:13,Starbucks,15.28,Personal_Card_Reimbursement,Daily_Expense
TX1506,EMP_013,Sales,2026-06-22,19:48,Restaurant Adler,29.19,Personal_Card_Reimbursement,Daily_Expense
TX1507,EMP_068,Marketing,2026-06-22,21:39,Blue Line Shuttle,178.58,Personal_Card_Reimbursement,Business_Trip
TX1508,EMP_062,Marketing,2026-06-23,08:00,Bolt Operations OU,14.29,Personal_Card_Reimbursement,Daily_Expense
TX1509,EMP_079,Consulting,2026-06-23,08:00,Wiener Linien,3.60,Personal_Card_Reimbursement,Daily_Expense
TX1510,EMP_038,Engineering,2026-06-23,08:02,Uber BV,14.30,Personal_Card_Reimbursement,Daily_Expense
TX1511,EMP_052,Engineering,2026-06-23,08:04,Uber BV,11.51,Personal_Card_Reimbursement,Daily_Expense
TX1512,EMP_060,Marketing,2026-06-23,08:04,MVV,2.56,Personal_Card_Reimbursement,Daily_Expense
TX1513,EMP_080,Consulting,2026-06-23,08:05,MVV,2.56,Personal_Card_Reimbursement,Daily_Expense
TX1514,EMP_029,Engineering,2026-06-23,08:06,BVG,3.15,Personal_Card_Reimbursement,Daily_Expense
TX1515,EMP_057,Marketing,2026-06-23,08:06,MVV,2.30,Personal_Card_Reimbursement,Daily_Expense
TX1516,EMP_034,Engineering,2026-06-23,08:07,BVG,3.50,Personal_Card_Reimbursement,Daily_Expense
TX1517,EMP_044,Engineering,2026-06-23,08:07,Wiener Linien,3.15,Personal_Card_Reimbursement,Daily_Expense
TX1518,EMP_049,Engineering,2026-06-23,08:08,Wiener Linien,3.48,Personal_Card_Reimbursement,Daily_Expense
TX1519,EMP_054,Engineering,2026-06-23,08:08,MVV,3.58,Personal_Card_Reimbursement,Daily_Expense
TX1520,EMP_037,Engineering,2026-06-23,08:08,Uber BV,11.46,Personal_Card_Reimbursement,Daily_Expense
TX1521,EMP_067,Marketing,2026-06-23,08:08,BVG,2.56,Personal_Card_Reimbursement,Daily_Expense
TX1522,EMP_007,Sales,2026-06-23,08:08,MVV,2.99,Personal_Card_Reimbursement,Daily_Expense
TX1523,EMP_019,Sales,2026-06-23,08:09,Motel One Wien,79.08,Personal_Card_Reimbursement,Business_Trip
TX1524,EMP_068,Marketing,2026-06-23,08:12,Wiener Linien,2.30,Personal_Card_Reimbursement,Daily_Expense
TX1525,EMP_058,Marketing,2026-06-23,08:15,Wiener Linien,3.56,Personal_Card_Reimbursement,Daily_Expense
TX1526,EMP_059,Marketing,2026-06-23,08:16,Bolt Operations OU,9.71,Personal_Card_Reimbursement,Daily_Expense
TX1527,EMP_016,Sales,2026-06-23,08:16,Metro Paris,2.37,Personal_Card_Reimbursement,Daily_Expense
TX1528,EMP_056,Marketing,2026-06-23,08:20,Bolt Operations OU,9.38,Personal_Card_Reimbursement,Daily_Expense
TX1529,EMP_096,Operations,2026-06-23,08:21,Wiener Linien,2.18,Personal_Card_Reimbursement,Daily_Expense
TX1530,EMP_050,Engineering,2026-06-23,08:22,Metro Paris,3.06,Personal_Card_Reimbursement,Daily_Expense
TX1531,EMP_027,Engineering,2026-06-23,08:26,Wiener Linien,3.32,Personal_Card_Reimbursement,Daily_Expense
TX1532,EMP_031,Engineering,2026-06-23,08:28,Free Now,14.07,Personal_Card_Reimbursement,Daily_Expense
TX1533,EMP_026,Engineering,2026-06-23,08:29,MVV,2.97,Personal_Card_Reimbursement,Daily_Expense
TX1534,EMP_039,Engineering,2026-06-23,08:29,Wiener Linien,3.01,Personal_Card_Reimbursement,Daily_Expense
TX1535,EMP_069,Marketing,2026-06-23,08:29,Free Now,9.40,Personal_Card_Reimbursement,Daily_Expense
TX1536,EMP_046,Engineering,2026-06-23,08:32,BVG,3.50,Personal_Card_Reimbursement,Daily_Expense
TX1537,EMP_047,Engineering,2026-06-23,08:36,Free Now,11.60,Personal_Card_Reimbursement,Daily_Expense
TX1538,EMP_084,Consulting,2026-06-23,08:37,Wiener Linien,2.55,Personal_Card_Reimbursement,Daily_Expense
TX1539,EMP_010,Sales,2026-06-23,08:38,MVV,2.52,Personal_Card_Reimbursement,Daily_Expense
TX1540,EMP_033,Engineering,2026-06-23,08:39,Metro Paris,2.12,Personal_Card_Reimbursement,Daily_Expense
TX1541,EMP_063,Marketing,2026-06-23,08:39,MVV,2.46,Personal_Card_Reimbursement,Daily_Expense
TX1542,EMP_041,Engineering,2026-06-23,08:46,Uber BV,14.45,Personal_Card_Reimbursement,Daily_Expense
TX1543,EMP_032,Engineering,2026-06-23,08:46,Free Now,14.73,Personal_Card_Reimbursement,Daily_Expense
TX1544,EMP_071,Consulting,2026-06-23,08:47,Ibis Paris Est,122.55,TMC_Corporate,Business_Trip
TX1545,EMP_019,Sales,2026-06-23,09:56,Hilton Hotel Berlin,417.60,Personal_Card_Reimbursement,Business_Trip
TX1546,EMP_090,Consulting,2026-06-23,11:00,Restaurant Adler,14.73,Personal_Card_Reimbursement,Daily_Expense
TX1547,EMP_049,Engineering,2026-06-23,11:04,Starbucks,10.24,Personal_Card_Reimbursement,Daily_Expense
TX1548,EMP_084,Consulting,2026-06-23,11:49,Restaurant Adler,28.19,Personal_Card_Reimbursement,Daily_Expense
TX1549,EMP_031,Engineering,2026-06-23,11:59,Restaurant Adler,27.56,Personal_Card_Reimbursement,Daily_Expense
TX1550,EMP_089,Consulting,2026-06-23,11:59,Restaurant Adler,26.76,Personal_Card_Reimbursement,Daily_Expense
TX1551,EMP_087,Consulting,2026-06-23,12:00,Restaurant Adler,17.50,Personal_Card_Reimbursement,Daily_Expense
TX1552,EMP_022,Sales,2026-06-23,12:07,Restaurant Adler,33.98,Personal_Card_Reimbursement,Daily_Expense
TX1553,EMP_024,Sales,2026-06-23,12:09,Vapiano,15.66,Personal_Card_Reimbursement,Daily_Expense
TX1554,EMP_082,Consulting,2026-06-23,12:24,Office Depot,63.00,Personal_Card_Reimbursement,Daily_Expense
TX1555,EMP_055,Engineering,2026-06-23,12:28,Pret A Manger,20.30,Personal_Card_Reimbursement,Daily_Expense
TX1556,EMP_081,Consulting,2026-06-23,12:28,Vapiano,8.21,Personal_Card_Reimbursement,Daily_Expense
TX1557,EMP_073,Consulting,2026-06-23,12:44,Ryanair,517.53,TMC_Corporate,Business_Trip
TX1558,EMP_014,Sales,2026-06-23,12:50,Restaurant Adler,8.00,Personal_Card_Reimbursement,Daily_Expense
TX1559,EMP_026,Engineering,2026-06-23,12:58,Starbucks,29.06,Personal_Card_Reimbursement,Daily_Expense
TX1560,EMP_002,Sales,2026-06-23,13:03,REWE Markt,4.86,Personal_Card_Reimbursement,Daily_Expense
TX1561,EMP_098,Operations,2026-06-23,13:03,REWE Markt,17.53,Personal_Card_Reimbursement,Daily_Expense
TX1562,EMP_013,Sales,2026-06-23,13:11,Staples,15.33,Personal_Card_Reimbursement,Daily_Expense
TX1563,EMP_082,Consulting,2026-06-23,13:23,Vapiano,30.62,Personal_Card_Reimbursement,Daily_Expense
TX1564,EMP_088,Consulting,2026-06-23,13:24,Restaurant Adler,26.36,Personal_Card_Reimbursement,Daily_Expense
TX1565,EMP_062,Marketing,2026-06-23,13:49,Restaurant Adler,30.37,Personal_Card_Reimbursement,Daily_Expense
TX1566,EMP_097,Operations,2026-06-23,13:51,REWE Markt,30.77,Personal_Card_Reimbursement,Daily_Expense
TX1567,EMP_084,Consulting,2026-06-23,14:14,Restaurant Adler,33.43,Personal_Card_Reimbursement,Daily_Expense
TX1568,EMP_050,Engineering,2026-06-23,14:18,Office Depot,87.01,Personal_Card_Reimbursement,Daily_Expense
TX1569,EMP_006,Sales,2026-06-23,14:41,Starbucks,37.09,Personal_Card_Reimbursement,Daily_Expense
TX1570,EMP_013,Sales,2026-06-23,14:46,Staples,89.42,Personal_Card_Reimbursement,Daily_Expense
TX1571,EMP_017,Sales,2026-06-23,14:46,REWE Markt,34.12,Personal_Card_Reimbursement,Daily_Expense
TX1572,EMP_100,Operations,2026-06-23,14:56,REWE Markt,4.98,Personal_Card_Reimbursement,Daily_Expense
TX1573,EMP_097,Operations,2026-06-23,15:03,Pret A Manger,36.28,Personal_Card_Reimbursement,Daily_Expense
TX1574,EMP_064,Marketing,2026-06-23,15:23,Staples,37.16,Personal_Card_Reimbursement,Daily_Expense
TX1575,EMP_009,Sales,2026-06-23,15:34,Restaurant Adler,19.28,Personal_Card_Reimbursement,Daily_Expense
TX1576,EMP_086,Consulting,2026-06-23,15:36,Pret A Manger,19.14,Personal_Card_Reimbursement,Daily_Expense
TX1577,EMP_079,Consulting,2026-06-23,15:49,Pret A Manger,12.24,Personal_Card_Reimbursement,Daily_Expense
TX1578,EMP_055,Engineering,2026-06-23,16:16,REWE Markt,28.89,Personal_Card_Reimbursement,Daily_Expense
TX1579,EMP_037,Engineering,2026-06-23,16:45,Starbucks,6.90,Personal_Card_Reimbursement,Daily_Expense
TX1580,EMP_085,Consulting,2026-06-23,16:59,REWE Markt,9.70,Personal_Card_Reimbursement,Daily_Expense
TX1581,EMP_006,Sales,2026-06-23,17:06,REWE Markt,21.36,Personal_Card_Reimbursement,Daily_Expense
TX1582,EMP_016,Sales,2026-06-23,17:09,Office Depot,37.08,Personal_Card_Reimbursement,Daily_Expense
TX1583,EMP_031,Engineering,2026-06-23,17:22,Pret A Manger,33.20,Personal_Card_Reimbursement,Daily_Expense
TX1584,EMP_002,Sales,2026-06-23,17:25,Vapiano,20.71,Personal_Card_Reimbursement,Daily_Expense
TX1585,EMP_048,Engineering,2026-06-23,17:30,Vapiano,20.65,Personal_Card_Reimbursement,Daily_Expense
TX1586,EMP_025,Sales,2026-06-23,17:33,REWE Markt,33.49,Personal_Card_Reimbursement,Daily_Expense
TX1587,EMP_039,Engineering,2026-06-23,17:37,Pret A Manger,26.39,Personal_Card_Reimbursement,Daily_Expense
TX1588,EMP_020,Sales,2026-06-23,17:42,Pret A Manger,34.59,Personal_Card_Reimbursement,Daily_Expense
TX1589,EMP_086,Consulting,2026-06-23,18:17,Pret A Manger,4.78,Personal_Card_Reimbursement,Daily_Expense
TX1590,EMP_001,Sales,2026-06-23,18:34,Restaurant Adler,15.69,Personal_Card_Reimbursement,Daily_Expense
TX1591,EMP_021,Sales,2026-06-23,18:37,Vapiano,17.31,Personal_Card_Reimbursement,Daily_Expense
TX1592,EMP_049,Engineering,2026-06-23,18:55,REWE Markt,34.73,Personal_Card_Reimbursement,Daily_Expense
TX1593,EMP_093,Operations,2026-06-23,19:08,REWE Markt,10.11,Personal_Card_Reimbursement,Daily_Expense
TX1594,EMP_016,Sales,2026-06-23,19:10,Restaurant Adler,16.36,Personal_Card_Reimbursement,Daily_Expense
TX1595,EMP_041,Engineering,2026-06-23,19:13,Vapiano,24.61,Personal_Card_Reimbursement,Daily_Expense
TX1596,EMP_016,Sales,2026-06-23,19:16,Staples,76.32,Personal_Card_Reimbursement,Daily_Expense
TX1597,EMP_039,Engineering,2026-06-23,19:20,Restaurant Adler,18.72,Personal_Card_Reimbursement,Daily_Expense
TX1598,EMP_085,Consulting,2026-06-23,19:33,Restaurant Adler,10.62,Personal_Card_Reimbursement,Daily_Expense
TX1599,EMP_049,Engineering,2026-06-23,19:37,Pret A Manger,7.58,Personal_Card_Reimbursement,Daily_Expense
TX1600,EMP_028,Engineering,2026-06-23,19:48,Starbucks,16.77,Personal_Card_Reimbursement,Daily_Expense
TX1601,EMP_063,Marketing,2026-06-23,19:50,Vapiano,31.91,Personal_Card_Reimbursement,Daily_Expense
TX1602,EMP_019,Sales,2026-06-24,07:21,Bolt Operations OU,101.77,Personal_Card_Reimbursement,Business_Trip
TX1603,EMP_060,Marketing,2026-06-24,08:00,MVV,3.06,Personal_Card_Reimbursement,Daily_Expense
TX1604,EMP_057,Marketing,2026-06-24,08:03,MVV,3.48,Personal_Card_Reimbursement,Daily_Expense
TX1605,EMP_011,Sales,2026-06-24,08:04,Metro Paris,3.43,Personal_Card_Reimbursement,Daily_Expense
TX1606,EMP_067,Marketing,2026-06-24,08:05,BVG,2.46,Personal_Card_Reimbursement,Daily_Expense
TX1607,EMP_054,Engineering,2026-06-24,08:06,MVV,3.21,Personal_Card_Reimbursement,Daily_Expense
TX1608,EMP_044,Engineering,2026-06-24,08:07,Wiener Linien,2.38,Personal_Card_Reimbursement,Daily_Expense
TX1609,EMP_034,Engineering,2026-06-24,08:08,BVG,2.50,Personal_Card_Reimbursement,Daily_Expense
TX1610,EMP_030,Engineering,2026-06-24,08:08,MVV,2.34,Personal_Card_Reimbursement,Daily_Expense
TX1611,EMP_068,Marketing,2026-06-24,08:08,Wiener Linien,2.90,Personal_Card_Reimbursement,Daily_Expense
TX1612,EMP_079,Consulting,2026-06-24,08:09,Wiener Linien,2.88,Personal_Card_Reimbursement,Daily_Expense
TX1613,EMP_080,Consulting,2026-06-24,08:09,MVV,3.30,Personal_Card_Reimbursement,Daily_Expense
TX1614,EMP_038,Engineering,2026-06-24,08:10,Uber BV,12.71,Personal_Card_Reimbursement,Daily_Expense
TX1615,EMP_058,Marketing,2026-06-24,08:13,Wiener Linien,2.75,Personal_Card_Reimbursement,Daily_Expense
TX1616,EMP_093,Operations,2026-06-24,08:13,Wiener Linien,3.39,Personal_Card_Reimbursement,Daily_Expense
TX1617,EMP_059,Marketing,2026-06-24,08:23,Bolt Operations OU,13.12,Personal_Card_Reimbursement,Daily_Expense
TX1618,EMP_096,Operations,2026-06-24,08:25,Wiener Linien,2.87,Personal_Card_Reimbursement,Daily_Expense
TX1619,EMP_027,Engineering,2026-06-24,08:26,Wiener Linien,2.75,Personal_Card_Reimbursement,Daily_Expense
TX1620,EMP_031,Engineering,2026-06-24,08:26,Free Now,11.40,Personal_Card_Reimbursement,Daily_Expense
TX1621,EMP_050,Engineering,2026-06-24,08:28,Metro Paris,3.38,Personal_Card_Reimbursement,Daily_Expense
TX1622,EMP_028,Engineering,2026-06-24,08:29,MVV,2.19,Personal_Card_Reimbursement,Daily_Expense
TX1623,EMP_046,Engineering,2026-06-24,08:30,BVG,3.02,Personal_Card_Reimbursement,Daily_Expense
TX1624,EMP_070,Marketing,2026-06-24,08:31,Metro Paris,3.03,Personal_Card_Reimbursement,Daily_Expense
TX1625,EMP_069,Marketing,2026-06-24,08:31,Free Now,12.59,Personal_Card_Reimbursement,Daily_Expense
TX1626,EMP_039,Engineering,2026-06-24,08:33,Wiener Linien,3.30,Personal_Card_Reimbursement,Daily_Expense
TX1627,EMP_061,Marketing,2026-06-24,08:33,Uber BV,13.35,Personal_Card_Reimbursement,Daily_Expense
TX1628,EMP_041,Engineering,2026-06-24,08:36,Uber BV,11.75,Personal_Card_Reimbursement,Daily_Expense
TX1629,EMP_084,Consulting,2026-06-24,08:38,Wiener Linien,2.47,Personal_Card_Reimbursement,Daily_Expense
TX1630,EMP_053,Engineering,2026-06-24,08:40,Metro Paris,3.22,Personal_Card_Reimbursement,Daily_Expense
TX1631,EMP_043,Engineering,2026-06-24,08:43,BVG,3.45,Personal_Card_Reimbursement,Daily_Expense
TX1632,EMP_010,Sales,2026-06-24,08:44,MVV,2.66,Personal_Card_Reimbursement,Daily_Expense
TX1633,EMP_048,Engineering,2026-06-24,08:47,Bolt Operations OU,13.11,Personal_Card_Reimbursement,Daily_Expense
TX1634,EMP_048,Engineering,2026-06-24,11:08,Starbucks,18.91,Personal_Card_Reimbursement,Daily_Expense
TX1635,EMP_044,Engineering,2026-06-24,11:10,Restaurant Adler,27.70,Personal_Card_Reimbursement,Daily_Expense
TX1636,EMP_063,Marketing,2026-06-24,11:12,REWE Markt,18.35,Personal_Card_Reimbursement,Daily_Expense
TX1637,EMP_009,Sales,2026-06-24,11:25,Starbucks,17.78,Personal_Card_Reimbursement,Daily_Expense
TX1638,EMP_016,Sales,2026-06-24,11:26,Vapiano,6.30,Personal_Card_Reimbursement,Daily_Expense
TX1639,EMP_071,Consulting,2026-06-24,11:36,Restaurant Adler,8.19,Personal_Card_Reimbursement,Daily_Expense
TX1640,EMP_100,Operations,2026-06-24,11:36,Restaurant Adler,15.09,Personal_Card_Reimbursement,Daily_Expense
TX1641,EMP_077,Consulting,2026-06-24,11:45,REWE Markt,12.77,Personal_Card_Reimbursement,Daily_Expense
TX1642,EMP_094,Operations,2026-06-24,11:48,Starbucks,19.41,Personal_Card_Reimbursement,Daily_Expense
TX1643,EMP_082,Consulting,2026-06-24,11:57,REWE Markt,14.62,Personal_Card_Reimbursement,Daily_Expense
TX1644,EMP_084,Consulting,2026-06-24,12:11,REWE Markt,18.04,Personal_Card_Reimbursement,Daily_Expense
TX1645,EMP_009,Sales,2026-06-24,12:11,Pret A Manger,36.25,Personal_Card_Reimbursement,Daily_Expense
TX1646,EMP_027,Engineering,2026-06-24,12:14,Pret A Manger,35.92,Personal_Card_Reimbursement,Daily_Expense
TX1647,EMP_097,Operations,2026-06-24,12:18,Restaurant Adler,25.92,Personal_Card_Reimbursement,Daily_Expense
TX1648,EMP_007,Sales,2026-06-24,12:18,Starbucks,10.32,Personal_Card_Reimbursement,Daily_Expense
TX1649,EMP_021,Sales,2026-06-24,12:25,REWE Markt,6.38,Personal_Card_Reimbursement,Daily_Expense
TX1650,EMP_092,Operations,2026-06-24,12:38,REWE Markt,9.83,Personal_Card_Reimbursement,Daily_Expense
TX1651,EMP_055,Engineering,2026-06-24,13:07,Pret A Manger,13.96,Personal_Card_Reimbursement,Daily_Expense
TX1652,EMP_023,Sales,2026-06-24,13:12,Restaurant Adler,28.15,Personal_Card_Reimbursement,Daily_Expense
TX1653,EMP_005,Sales,2026-06-24,13:33,Starbucks,17.26,Personal_Card_Reimbursement,Daily_Expense
TX1654,EMP_038,Engineering,2026-06-24,13:34,Starbucks,10.45,Personal_Card_Reimbursement,Daily_Expense
TX1655,EMP_024,Sales,2026-06-24,13:34,Pret A Manger,21.16,Personal_Card_Reimbursement,Daily_Expense
TX1656,EMP_055,Engineering,2026-06-24,14:11,Restaurant Adler,17.08,Personal_Card_Reimbursement,Daily_Expense
TX1657,EMP_041,Engineering,2026-06-24,14:39,Office Depot,27.39,Personal_Card_Reimbursement,Daily_Expense
TX1658,EMP_075,Consulting,2026-06-24,14:42,Office Depot,19.93,Personal_Card_Reimbursement,Daily_Expense
TX1659,EMP_078,Consulting,2026-06-24,15:08,Vapiano,24.12,Personal_Card_Reimbursement,Daily_Expense
TX1660,EMP_097,Operations,2026-06-24,15:18,REWE Markt,4.29,Personal_Card_Reimbursement,Daily_Expense
TX1661,EMP_090,Consulting,2026-06-24,15:19,Pret A Manger,13.02,Personal_Card_Reimbursement,Daily_Expense
TX1662,EMP_047,Engineering,2026-06-24,15:22,Pret A Manger,35.68,Personal_Card_Reimbursement,Daily_Expense
TX1663,EMP_073,Consulting,2026-06-24,15:25,Vapiano,15.34,Personal_Card_Reimbursement,Daily_Expense
TX1664,EMP_091,Operations,2026-06-24,15:28,Staples,76.03,Personal_Card_Reimbursement,Daily_Expense
TX1665,EMP_050,Engineering,2026-06-24,15:33,Pret A Manger,22.77,Personal_Card_Reimbursement,Daily_Expense
TX1666,EMP_076,Consulting,2026-06-24,15:37,Vapiano,30.48,Personal_Card_Reimbursement,Daily_Expense
TX1667,EMP_085,Consulting,2026-06-24,15:50,Starbucks,36.72,Personal_Card_Reimbursement,Daily_Expense
TX1668,EMP_001,Sales,2026-06-24,15:55,Vapiano,7.73,Personal_Card_Reimbursement,Daily_Expense
TX1669,EMP_023,Sales,2026-06-24,15:56,Staples,78.83,Personal_Card_Reimbursement,Daily_Expense
TX1670,EMP_049,Engineering,2026-06-24,16:08,Restaurant Adler,20.35,Personal_Card_Reimbursement,Daily_Expense
TX1671,EMP_027,Engineering,2026-06-24,16:09,Vapiano,26.63,Personal_Card_Reimbursement,Daily_Expense
TX1672,EMP_054,Engineering,2026-06-24,16:14,Pret A Manger,17.72,Personal_Card_Reimbursement,Daily_Expense
TX1673,EMP_009,Sales,2026-06-24,16:15,Vapiano,8.71,Personal_Card_Reimbursement,Daily_Expense
TX1674,EMP_074,Consulting,2026-06-24,16:33,Vapiano,6.48,Personal_Card_Reimbursement,Daily_Expense
TX1675,EMP_001,Sales,2026-06-24,16:39,Vapiano,32.83,Personal_Card_Reimbursement,Daily_Expense
TX1676,EMP_096,Operations,2026-06-24,16:43,REWE Markt,29.37,Personal_Card_Reimbursement,Daily_Expense
TX1677,EMP_004,Sales,2026-06-24,16:57,REWE Markt,11.67,Personal_Card_Reimbursement,Daily_Expense
TX1678,EMP_039,Engineering,2026-06-24,17:15,Restaurant Adler,17.63,Personal_Card_Reimbursement,Daily_Expense
TX1679,EMP_083,Consulting,2026-06-24,17:23,Pret A Manger,10.29,Personal_Card_Reimbursement,Daily_Expense
TX1680,EMP_008,Sales,2026-06-24,17:25,Vapiano,14.03,Personal_Card_Reimbursement,Daily_Expense
TX1681,EMP_097,Operations,2026-06-24,17:30,Pret A Manger,16.91,Personal_Card_Reimbursement,Daily_Expense
TX1682,EMP_078,Consulting,2026-06-24,17:33,Starbucks,34.50,Personal_Card_Reimbursement,Daily_Expense
TX1683,EMP_021,Sales,2026-06-24,17:50,Pret A Manger,8.64,Personal_Card_Reimbursement,Daily_Expense
TX1684,EMP_096,Operations,2026-06-24,17:51,Restaurant Adler,33.83,Personal_Card_Reimbursement,Daily_Expense
TX1685,EMP_082,Consulting,2026-06-24,17:59,Restaurant Adler,32.99,Personal_Card_Reimbursement,Daily_Expense
TX1686,EMP_097,Operations,2026-06-24,18:06,Vapiano,16.20,Personal_Card_Reimbursement,Daily_Expense
TX1687,EMP_006,Sales,2026-06-24,18:21,Starbucks,34.95,Personal_Card_Reimbursement,Daily_Expense
TX1688,EMP_018,Sales,2026-06-24,18:40,Starbucks,24.09,Personal_Card_Reimbursement,Daily_Expense
TX1689,EMP_027,Engineering,2026-06-24,18:44,Restaurant Adler,30.80,Personal_Card_Reimbursement,Daily_Expense
TX1690,EMP_058,Marketing,2026-06-24,18:47,Pret A Manger,11.33,Personal_Card_Reimbursement,Daily_Expense
TX1691,EMP_080,Consulting,2026-06-24,19:22,Vapiano,7.48,Personal_Card_Reimbursement,Daily_Expense
TX1692,EMP_077,Consulting,2026-06-24,19:29,Pret A Manger,10.34,Personal_Card_Reimbursement,Daily_Expense
TX1693,EMP_027,Engineering,2026-06-24,19:30,Vapiano,29.51,Personal_Card_Reimbursement,Daily_Expense
TX1694,EMP_041,Engineering,2026-06-24,19:44,REWE Markt,9.09,Personal_Card_Reimbursement,Daily_Expense
TX1695,EMP_033,Engineering,2026-06-24,19:52,Restaurant Adler,4.84,Personal_Card_Reimbursement,Daily_Expense
TX1696,EMP_072,Consulting,2026-06-24,19:53,Vapiano,20.61,Personal_Card_Reimbursement,Daily_Expense
TX1697,EMP_086,Consulting,2026-06-24,19:55,Starbucks,33.95,Personal_Card_Reimbursement,Daily_Expense
TX1698,EMP_087,Consulting,2026-06-24,19:56,Restaurant Adler,12.60,Personal_Card_Reimbursement,Daily_Expense
TX1699,EMP_044,Engineering,2026-06-24,19:57,Starbucks,19.94,Personal_Card_Reimbursement,Daily_Expense
TX1700,EMP_012,Sales,2026-06-24,19:58,Restaurant Adler,28.69,Personal_Card_Reimbursement,Daily_Expense
TX1701,EMP_019,Sales,2026-06-24,20:01,Motel One Wien,200.65,Personal_Card_Reimbursement,Business_Trip
TX1702,EMP_003,Sales,2026-06-25,07:02,Marriott Muenchen,58.98,Personal_Card_Reimbursement,Business_Trip
TX1703,EMP_037,Engineering,2026-06-25,08:00,Uber BV,14.50,Personal_Card_Reimbursement,Daily_Expense
TX1704,EMP_057,Marketing,2026-06-25,08:01,MVV,2.13,Personal_Card_Reimbursement,Daily_Expense
TX1705,EMP_067,Marketing,2026-06-25,08:02,BVG,2.61,Personal_Card_Reimbursement,Daily_Expense
TX1706,EMP_030,Engineering,2026-06-25,08:03,MVV,3.05,Personal_Card_Reimbursement,Daily_Expense
TX1707,EMP_060,Marketing,2026-06-25,08:03,MVV,2.58,Personal_Card_Reimbursement,Daily_Expense
TX1708,EMP_079,Consulting,2026-06-25,08:05,Wiener Linien,3.13,Personal_Card_Reimbursement,Daily_Expense
TX1709,EMP_038,Engineering,2026-06-25,08:06,Uber BV,11.66,Personal_Card_Reimbursement,Daily_Expense
TX1710,EMP_054,Engineering,2026-06-25,08:07,MVV,3.15,Personal_Card_Reimbursement,Daily_Expense
TX1711,EMP_034,Engineering,2026-06-25,08:08,BVG,3.07,Personal_Card_Reimbursement,Daily_Expense
TX1712,EMP_062,Marketing,2026-06-25,08:08,Bolt Operations OU,14.02,Personal_Card_Reimbursement,Daily_Expense
TX1713,EMP_007,Sales,2026-06-25,08:09,MVV,2.64,Personal_Card_Reimbursement,Daily_Expense
TX1714,EMP_011,Sales,2026-06-25,08:11,Metro Paris,3.18,Personal_Card_Reimbursement,Daily_Expense
TX1715,EMP_003,Sales,2026-06-25,08:11,Bolt Operations OU,47.54,Personal_Card_Reimbursement,Business_Trip
TX1716,EMP_044,Engineering,2026-06-25,08:12,Wiener Linien,2.79,Personal_Card_Reimbursement,Daily_Expense
TX1717,EMP_093,Operations,2026-06-25,08:13,Wiener Linien,2.52,Personal_Card_Reimbursement,Daily_Expense
TX1718,EMP_099,Operations,2026-06-25,08:15,Blue Line Shuttle,63.04,TMC_Corporate,Business_Trip
TX1719,EMP_058,Marketing,2026-06-25,08:17,Wiener Linien,3.40,Personal_Card_Reimbursement,Daily_Expense
TX1720,EMP_016,Sales,2026-06-25,08:17,Metro Paris,3.05,Personal_Card_Reimbursement,Daily_Expense
TX1721,EMP_056,Marketing,2026-06-25,08:20,Bolt Operations OU,14.60,Personal_Card_Reimbursement,Daily_Expense
TX1722,EMP_050,Engineering,2026-06-25,08:22,Metro Paris,3.03,Personal_Card_Reimbursement,Daily_Expense
TX1723,EMP_046,Engineering,2026-06-25,08:28,BVG,2.26,Personal_Card_Reimbursement,Daily_Expense
TX1724,EMP_027,Engineering,2026-06-25,08:30,Wiener Linien,3.51,Personal_Card_Reimbursement,Daily_Expense
TX1725,EMP_031,Engineering,2026-06-25,08:30,Free Now,10.86,Personal_Card_Reimbursement,Daily_Expense
TX1726,EMP_096,Operations,2026-06-25,08:32,Wiener Linien,3.21,Personal_Card_Reimbursement,Daily_Expense
TX1727,EMP_010,Sales,2026-06-25,08:35,MVV,3.44,Personal_Card_Reimbursement,Daily_Expense
TX1728,EMP_033,Engineering,2026-06-25,08:37,Metro Paris,3.34,Personal_Card_Reimbursement,Daily_Expense
TX1729,EMP_039,Engineering,2026-06-25,08:37,Wiener Linien,2.40,Personal_Card_Reimbursement,Daily_Expense
TX1730,EMP_047,Engineering,2026-06-25,08:37,Free Now,9.60,Personal_Card_Reimbursement,Daily_Expense
TX1731,EMP_070,Marketing,2026-06-25,08:37,Metro Paris,3.29,Personal_Card_Reimbursement,Daily_Expense
TX1732,EMP_061,Marketing,2026-06-25,08:39,Uber BV,11.26,Personal_Card_Reimbursement,Daily_Expense
TX1733,EMP_084,Consulting,2026-06-25,08:39,Wiener Linien,3.51,Personal_Card_Reimbursement,Daily_Expense
TX1734,EMP_053,Engineering,2026-06-25,08:41,Metro Paris,2.21,Personal_Card_Reimbursement,Daily_Expense
TX1735,EMP_035,Engineering,2026-06-25,08:42,Bolt Operations OU,13.11,Personal_Card_Reimbursement,Daily_Expense
TX1736,EMP_041,Engineering,2026-06-25,08:42,Uber BV,11.87,Personal_Card_Reimbursement,Daily_Expense
TX1737,EMP_043,Engineering,2026-06-25,08:44,BVG,2.04,Personal_Card_Reimbursement,Daily_Expense
TX1738,EMP_032,Engineering,2026-06-25,08:45,Free Now,13.86,Personal_Card_Reimbursement,Daily_Expense
TX1739,EMP_048,Engineering,2026-06-25,08:47,Bolt Operations OU,13.02,Personal_Card_Reimbursement,Daily_Expense
TX1740,EMP_063,Marketing,2026-06-25,08:50,MVV,3.41,Personal_Card_Reimbursement,Daily_Expense
TX1741,EMP_029,Engineering,2026-06-25,11:26,Restaurant Adler,35.07,Personal_Card_Reimbursement,Daily_Expense
TX1742,EMP_085,Consulting,2026-06-25,11:33,Vapiano,23.84,Personal_Card_Reimbursement,Daily_Expense
TX1743,EMP_024,Sales,2026-06-25,11:50,Ibis Paris Est,253.94,TMC_Corporate,Business_Trip
TX1744,EMP_094,Operations,2026-06-25,11:51,Restaurant Adler,11.19,Personal_Card_Reimbursement,Daily_Expense
TX1745,EMP_004,Sales,2026-06-25,12:00,Pret A Manger,20.25,Personal_Card_Reimbursement,Daily_Expense
TX1746,EMP_090,Consulting,2026-06-25,12:11,Starbucks,18.95,Personal_Card_Reimbursement,Daily_Expense
TX1747,EMP_099,Operations,2026-06-25,12:15,Starbucks,18.16,Personal_Card_Reimbursement,Daily_Expense
TX1748,EMP_096,Operations,2026-06-25,12:22,Vapiano,27.83,Personal_Card_Reimbursement,Daily_Expense
TX1749,EMP_061,Marketing,2026-06-25,12:25,Pret A Manger,20.19,Personal_Card_Reimbursement,Daily_Expense
TX1750,EMP_009,Sales,2026-06-25,12:28,Marriott Muenchen,51.32,Personal_Card_Reimbursement,Business_Trip
TX1751,EMP_034,Engineering,2026-06-25,12:30,Restaurant Adler,19.77,Personal_Card_Reimbursement,Daily_Expense
TX1752,EMP_005,Sales,2026-06-25,12:37,Starbucks,27.97,Personal_Card_Reimbursement,Daily_Expense
TX1753,EMP_059,Marketing,2026-06-25,12:49,Vapiano,35.67,Personal_Card_Reimbursement,Daily_Expense
TX1754,EMP_048,Engineering,2026-06-25,13:07,Restaurant Adler,5.37,Personal_Card_Reimbursement,Daily_Expense
TX1755,EMP_093,Operations,2026-06-25,13:12,Restaurant Adler,36.64,Personal_Card_Reimbursement,Daily_Expense
TX1756,EMP_087,Consulting,2026-06-25,13:20,Vapiano,21.68,Personal_Card_Reimbursement,Daily_Expense
TX1757,EMP_066,Marketing,2026-06-25,13:37,Starbucks,32.74,Personal_Card_Reimbursement,Daily_Expense
TX1758,EMP_068,Marketing,2026-06-25,13:39,Restaurant Adler,16.03,Personal_Card_Reimbursement,Daily_Expense
TX1759,EMP_018,Sales,2026-06-25,13:42,Office Depot,74.79,Personal_Card_Reimbursement,Daily_Expense
TX1760,EMP_056,Marketing,2026-06-25,13:44,Starbucks,35.43,Personal_Card_Reimbursement,Daily_Expense
TX1761,EMP_043,Engineering,2026-06-25,13:55,Staples,79.01,Personal_Card_Reimbursement,Daily_Expense
TX1762,EMP_056,Marketing,2026-06-25,14:11,Starbucks,22.51,Personal_Card_Reimbursement,Daily_Expense
TX1763,EMP_037,Engineering,2026-06-25,14:17,Restaurant Adler,36.90,Personal_Card_Reimbursement,Daily_Expense
TX1764,EMP_090,Consulting,2026-06-25,14:38,REWE Markt,5.67,Personal_Card_Reimbursement,Daily_Expense
TX1765,EMP_091,Operations,2026-06-25,14:43,Vapiano,15.67,Personal_Card_Reimbursement,Daily_Expense
TX1766,EMP_084,Consulting,2026-06-25,14:46,Pret A Manger,19.68,Personal_Card_Reimbursement,Daily_Expense
TX1767,EMP_039,Engineering,2026-06-25,14:51,Starbucks,19.41,Personal_Card_Reimbursement,Daily_Expense
TX1768,EMP_028,Engineering,2026-06-25,15:00,Starbucks,32.46,Personal_Card_Reimbursement,Daily_Expense
TX1769,EMP_059,Marketing,2026-06-25,15:04,Starbucks,20.39,Personal_Card_Reimbursement,Daily_Expense
TX1770,EMP_061,Marketing,2026-06-25,15:18,Starbucks,18.31,Personal_Card_Reimbursement,Daily_Expense
TX1771,EMP_025,Sales,2026-06-25,15:22,Restaurant Adler,25.67,Personal_Card_Reimbursement,Daily_Expense
TX1772,EMP_070,Marketing,2026-06-25,15:46,REWE Markt,12.21,Personal_Card_Reimbursement,Daily_Expense
TX1773,EMP_041,Engineering,2026-06-25,16:11,Restaurant Adler,18.99,Personal_Card_Reimbursement,Daily_Expense
TX1774,EMP_095,Operations,2026-06-25,16:24,Starbucks,30.02,Personal_Card_Reimbursement,Daily_Expense
TX1775,EMP_029,Engineering,2026-06-25,16:24,Restaurant Adler,6.20,Personal_Card_Reimbursement,Daily_Expense
TX1776,EMP_015,Sales,2026-06-25,16:24,Vapiano,8.33,Personal_Card_Reimbursement,Daily_Expense
TX1777,EMP_096,Operations,2026-06-25,16:33,REWE Markt,11.62,Personal_Card_Reimbursement,Daily_Expense
TX1778,EMP_033,Engineering,2026-06-25,16:44,Vapiano,20.67,Personal_Card_Reimbursement,Daily_Expense
TX1779,EMP_062,Marketing,2026-06-25,16:50,Restaurant Adler,23.24,Personal_Card_Reimbursement,Daily_Expense
TX1780,EMP_013,Sales,2026-06-25,17:21,Delta Airlines,184.09,TMC_Corporate,Business_Trip
TX1781,EMP_010,Sales,2026-06-25,17:24,Pret A Manger,34.97,Personal_Card_Reimbursement,Daily_Expense
TX1782,EMP_069,Marketing,2026-06-25,17:36,REWE Markt,27.60,Personal_Card_Reimbursement,Daily_Expense
TX1783,EMP_035,Engineering,2026-06-25,17:51,Restaurant Adler,18.38,Personal_Card_Reimbursement,Daily_Expense
TX1784,EMP_039,Engineering,2026-06-25,18:14,Restaurant Adler,20.80,Personal_Card_Reimbursement,Daily_Expense
TX1785,EMP_024,Sales,2026-06-25,18:17,Starbucks,11.24,Personal_Card_Reimbursement,Daily_Expense
TX1786,EMP_074,Consulting,2026-06-25,18:22,Restaurant Adler,7.21,Personal_Card_Reimbursement,Daily_Expense
TX1787,EMP_057,Marketing,2026-06-25,18:28,Restaurant Adler,6.99,Personal_Card_Reimbursement,Daily_Expense
TX1788,EMP_077,Consulting,2026-06-25,18:39,Office Depot,76.89,Personal_Card_Reimbursement,Daily_Expense
TX1789,EMP_084,Consulting,2026-06-25,18:44,Restaurant Adler,18.15,Personal_Card_Reimbursement,Daily_Expense
TX1790,EMP_067,Marketing,2026-06-25,18:50,Vapiano,5.08,Personal_Card_Reimbursement,Daily_Expense
TX1791,EMP_074,Consulting,2026-06-25,19:02,Starbucks,8.58,Personal_Card_Reimbursement,Daily_Expense
TX1792,EMP_029,Engineering,2026-06-25,19:32,Restaurant Adler,8.55,Personal_Card_Reimbursement,Daily_Expense
TX1793,EMP_048,Engineering,2026-06-25,19:38,Staples,61.82,Personal_Card_Reimbursement,Daily_Expense
TX1794,EMP_071,Consulting,2026-06-25,19:41,Staples,18.12,Personal_Card_Reimbursement,Daily_Expense
TX1795,EMP_078,Consulting,2026-06-25,19:45,Restaurant Adler,23.97,Personal_Card_Reimbursement,Daily_Expense
TX1796,EMP_096,Operations,2026-06-25,19:54,REWE Markt,28.30,Personal_Card_Reimbursement,Daily_Expense
TX1797,EMP_014,Sales,2026-06-25,19:56,REWE Markt,30.72,Personal_Card_Reimbursement,Daily_Expense
TX1798,EMP_031,Engineering,2026-06-25,19:59,Pret A Manger,11.27,Personal_Card_Reimbursement,Daily_Expense
TX1799,EMP_015,Sales,2026-06-25,20:03,KLM,274.93,TMC_Corporate,Business_Trip
TX1800,EMP_046,Engineering,2026-06-25,20:51,QuickPark Flughafen,122.01,TMC_Corporate,Business_Trip
TX1801,EMP_082,Consulting,2026-06-26,07:08,Marriott Muenchen,109.30,TMC_Corporate,Business_Trip
TX1802,EMP_057,Marketing,2026-06-26,08:00,MVV,2.96,Personal_Card_Reimbursement,Daily_Expense
TX1803,EMP_062,Marketing,2026-06-26,08:00,Bolt Operations OU,14.62,Personal_Card_Reimbursement,Daily_Expense
TX1804,EMP_060,Marketing,2026-06-26,08:03,MVV,3.26,Personal_Card_Reimbursement,Daily_Expense
TX1805,EMP_030,Engineering,2026-06-26,08:04,MVV,3.08,Personal_Card_Reimbursement,Daily_Expense
TX1806,EMP_038,Engineering,2026-06-26,08:04,Uber BV,11.65,Personal_Card_Reimbursement,Daily_Expense
TX1807,EMP_034,Engineering,2026-06-26,08:05,BVG,3.49,Personal_Card_Reimbursement,Daily_Expense
TX1808,EMP_054,Engineering,2026-06-26,08:06,MVV,3.45,Personal_Card_Reimbursement,Daily_Expense
TX1809,EMP_044,Engineering,2026-06-26,08:06,Wiener Linien,2.47,Personal_Card_Reimbursement,Daily_Expense
TX1810,EMP_051,Engineering,2026-06-26,08:06,Free Now,13.74,Personal_Card_Reimbursement,Daily_Expense
TX1811,EMP_049,Engineering,2026-06-26,08:09,Wiener Linien,3.04,Personal_Card_Reimbursement,Daily_Expense
TX1812,EMP_052,Engineering,2026-06-26,08:12,Uber BV,10.50,Personal_Card_Reimbursement,Daily_Expense
TX1813,EMP_068,Marketing,2026-06-26,08:13,Wiener Linien,2.34,Personal_Card_Reimbursement,Daily_Expense
TX1814,EMP_016,Sales,2026-06-26,08:14,Metro Paris,3.22,Personal_Card_Reimbursement,Daily_Expense
TX1815,EMP_059,Marketing,2026-06-26,08:16,Bolt Operations OU,12.83,Personal_Card_Reimbursement,Daily_Expense
TX1816,EMP_058,Marketing,2026-06-26,08:17,Wiener Linien,2.94,Personal_Card_Reimbursement,Daily_Expense
TX1817,EMP_050,Engineering,2026-06-26,08:21,Metro Paris,3.35,Personal_Card_Reimbursement,Daily_Expense
TX1818,EMP_056,Marketing,2026-06-26,08:22,Bolt Operations OU,10.08,Personal_Card_Reimbursement,Daily_Expense
TX1819,EMP_028,Engineering,2026-06-26,08:25,MVV,2.69,Personal_Card_Reimbursement,Daily_Expense
TX1820,EMP_031,Engineering,2026-06-26,08:26,Free Now,13.67,Personal_Card_Reimbursement,Daily_Expense
TX1821,EMP_096,Operations,2026-06-26,08:26,Wiener Linien,2.87,Personal_Card_Reimbursement,Daily_Expense
TX1822,EMP_069,Marketing,2026-06-26,08:27,Free Now,9.27,Personal_Card_Reimbursement,Daily_Expense
TX1823,EMP_033,Engineering,2026-06-26,08:28,Metro Paris,2.69,Personal_Card_Reimbursement,Daily_Expense
TX1824,EMP_027,Engineering,2026-06-26,08:31,Wiener Linien,2.70,Personal_Card_Reimbursement,Daily_Expense
TX1825,EMP_026,Engineering,2026-06-26,08:32,MVV,3.14,Personal_Card_Reimbursement,Daily_Expense
TX1826,EMP_046,Engineering,2026-06-26,08:33,BVG,3.48,Personal_Card_Reimbursement,Daily_Expense
TX1827,EMP_061,Marketing,2026-06-26,08:33,Uber BV,14.24,Personal_Card_Reimbursement,Daily_Expense
TX1828,EMP_055,Engineering,2026-06-26,08:34,Bolt Operations OU,14.00,Personal_Card_Reimbursement,Daily_Expense
TX1829,EMP_047,Engineering,2026-06-26,08:35,Free Now,14.42,Personal_Card_Reimbursement,Daily_Expense
TX1830,EMP_043,Engineering,2026-06-26,08:36,BVG,3.39,Personal_Card_Reimbursement,Daily_Expense
TX1831,EMP_053,Engineering,2026-06-26,08:38,Metro Paris,3.12,Personal_Card_Reimbursement,Daily_Expense
TX1832,EMP_070,Marketing,2026-06-26,08:38,Metro Paris,2.73,Personal_Card_Reimbursement,Daily_Expense
TX1833,EMP_064,Marketing,2026-06-26,08:38,Wiener Linien,3.15,Personal_Card_Reimbursement,Daily_Expense
TX1834,EMP_010,Sales,2026-06-26,08:38,MVV,2.27,Personal_Card_Reimbursement,Daily_Expense
TX1835,EMP_063,Marketing,2026-06-26,08:39,MVV,2.65,Personal_Card_Reimbursement,Daily_Expense
TX1836,EMP_042,Engineering,2026-06-26,08:41,Uber BV,11.30,Personal_Card_Reimbursement,Daily_Expense
TX1837,EMP_048,Engineering,2026-06-26,08:41,Bolt Operations OU,11.18,Personal_Card_Reimbursement,Daily_Expense
TX1838,EMP_032,Engineering,2026-06-26,08:43,Free Now,12.63,Personal_Card_Reimbursement,Daily_Expense
TX1839,EMP_041,Engineering,2026-06-26,08:47,Uber BV,9.65,Personal_Card_Reimbursement,Daily_Expense
TX1840,EMP_084,Consulting,2026-06-26,08:49,Wiener Linien,2.55,Personal_Card_Reimbursement,Daily_Expense
TX1841,EMP_049,Engineering,2026-06-26,11:07,Vapiano,17.15,Personal_Card_Reimbursement,Daily_Expense
TX1842,EMP_090,Consulting,2026-06-26,11:09,Starbucks,10.38,Personal_Card_Reimbursement,Daily_Expense
TX1843,EMP_080,Consulting,2026-06-26,11:25,Staples,65.49,Personal_Card_Reimbursement,Daily_Expense
TX1844,EMP_013,Sales,2026-06-26,11:29,REWE Markt,11.93,Personal_Card_Reimbursement,Daily_Expense
TX1845,EMP_025,Sales,2026-06-26,11:36,Pret A Manger,23.61,Personal_Card_Reimbursement,Daily_Expense
TX1846,EMP_083,Consulting,2026-06-26,11:44,Vapiano,32.61,Personal_Card_Reimbursement,Daily_Expense
TX1847,EMP_038,Engineering,2026-06-26,12:08,Starbucks,13.75,Personal_Card_Reimbursement,Daily_Expense
TX1848,EMP_088,Consulting,2026-06-26,12:09,Pret A Manger,17.80,Personal_Card_Reimbursement,Daily_Expense
TX1849,EMP_057,Marketing,2026-06-26,12:23,REWE Markt,33.87,Personal_Card_Reimbursement,Daily_Expense
TX1850,EMP_045,Engineering,2026-06-26,12:25,REWE Markt,8.33,Personal_Card_Reimbursement,Daily_Expense
TX1851,EMP_003,Sales,2026-06-26,12:34,REWE Markt,10.03,Personal_Card_Reimbursement,Daily_Expense
TX1852,EMP_004,Sales,2026-06-26,12:34,Pret A Manger,6.64,Personal_Card_Reimbursement,Daily_Expense
TX1853,EMP_039,Engineering,2026-06-26,12:43,Office Depot,44.55,Personal_Card_Reimbursement,Daily_Expense
TX1854,EMP_076,Consulting,2026-06-26,12:52,Restaurant Adler,15.06,Personal_Card_Reimbursement,Daily_Expense
TX1855,EMP_088,Consulting,2026-06-26,12:53,Restaurant Adler,16.21,Personal_Card_Reimbursement,Daily_Expense
TX1856,EMP_081,Consulting,2026-06-26,13:05,REWE Markt,33.52,Personal_Card_Reimbursement,Daily_Expense
TX1857,EMP_035,Engineering,2026-06-26,13:20,REWE Markt,34.48,Personal_Card_Reimbursement,Daily_Expense
TX1858,EMP_046,Engineering,2026-06-26,13:30,Starbucks,33.33,Personal_Card_Reimbursement,Daily_Expense
TX1859,EMP_072,Consulting,2026-06-26,13:32,Vapiano,4.40,Personal_Card_Reimbursement,Daily_Expense
TX1860,EMP_083,Consulting,2026-06-26,13:57,Pret A Manger,32.62,Personal_Card_Reimbursement,Daily_Expense
TX1861,EMP_024,Sales,2026-06-26,14:00,Pret A Manger,28.09,Personal_Card_Reimbursement,Daily_Expense
TX1862,EMP_089,Consulting,2026-06-26,14:04,Starbucks,4.91,Personal_Card_Reimbursement,Daily_Expense
TX1863,EMP_012,Sales,2026-06-26,14:14,Office Depot,34.25,Personal_Card_Reimbursement,Daily_Expense
TX1864,EMP_080,Consulting,2026-06-26,14:26,TravelPlus Agentur,108.51,Personal_Card_Reimbursement,Business_Trip
TX1865,EMP_097,Operations,2026-06-26,14:27,REWE Markt,21.16,Personal_Card_Reimbursement,Daily_Expense
TX1866,EMP_064,Marketing,2026-06-26,14:27,Restaurant Adler,11.50,Personal_Card_Reimbursement,Daily_Expense
TX1867,EMP_067,Marketing,2026-06-26,14:30,REWE Markt,18.72,Personal_Card_Reimbursement,Daily_Expense
TX1868,EMP_079,Consulting,2026-06-26,14:38,REWE Markt,24.59,Personal_Card_Reimbursement,Daily_Expense
TX1869,EMP_055,Engineering,2026-06-26,14:45,Starbucks,23.65,Personal_Card_Reimbursement,Daily_Expense
TX1870,EMP_035,Engineering,2026-06-26,14:50,Pret A Manger,23.56,Personal_Card_Reimbursement,Daily_Expense
TX1871,EMP_052,Engineering,2026-06-26,15:05,REWE Markt,25.68,Personal_Card_Reimbursement,Daily_Expense
TX1872,EMP_045,Engineering,2026-06-26,15:10,Office Depot,11.94,Personal_Card_Reimbursement,Daily_Expense
TX1873,EMP_022,Sales,2026-06-26,15:11,Starbucks,28.20,Personal_Card_Reimbursement,Daily_Expense
TX1874,EMP_094,Operations,2026-06-26,15:16,REWE Markt,6.53,Personal_Card_Reimbursement,Daily_Expense
TX1875,EMP_049,Engineering,2026-06-26,15:20,Staples,38.22,Personal_Card_Reimbursement,Daily_Expense
TX1876,EMP_033,Engineering,2026-06-26,15:27,Restaurant Adler,28.23,Personal_Card_Reimbursement,Daily_Expense
TX1877,EMP_049,Engineering,2026-06-26,15:39,Staples,36.16,Personal_Card_Reimbursement,Daily_Expense
TX1878,EMP_027,Engineering,2026-06-26,15:46,Vapiano,37.84,Personal_Card_Reimbursement,Daily_Expense
TX1879,EMP_093,Operations,2026-06-26,16:08,Restaurant Adler,29.13,Personal_Card_Reimbursement,Daily_Expense
TX1880,EMP_057,Marketing,2026-06-26,16:11,Vapiano,29.96,Personal_Card_Reimbursement,Daily_Expense
TX1881,EMP_062,Marketing,2026-06-26,16:16,Restaurant Adler,18.52,Personal_Card_Reimbursement,Daily_Expense
TX1882,EMP_027,Engineering,2026-06-26,16:22,REWE Markt,18.08,Personal_Card_Reimbursement,Daily_Expense
TX1883,EMP_032,Engineering,2026-06-26,16:31,Pret A Manger,6.04,Personal_Card_Reimbursement,Daily_Expense
TX1884,EMP_085,Consulting,2026-06-26,17:00,REWE Markt,11.55,Personal_Card_Reimbursement,Daily_Expense
TX1885,EMP_064,Marketing,2026-06-26,17:01,Office Depot,37.74,Personal_Card_Reimbursement,Daily_Expense
TX1886,EMP_048,Engineering,2026-06-26,17:05,Starbucks,18.76,Personal_Card_Reimbursement,Daily_Expense
TX1887,EMP_087,Consulting,2026-06-26,17:15,Office Depot,64.92,Personal_Card_Reimbursement,Daily_Expense
TX1888,EMP_059,Marketing,2026-06-26,17:24,REWE Markt,6.34,Personal_Card_Reimbursement,Daily_Expense
TX1889,EMP_081,Consulting,2026-06-26,17:24,Restaurant Adler,23.51,Personal_Card_Reimbursement,Daily_Expense
TX1890,EMP_011,Sales,2026-06-26,17:39,Vapiano,28.63,Personal_Card_Reimbursement,Daily_Expense
TX1891,EMP_026,Engineering,2026-06-26,17:46,Pret A Manger,8.17,Personal_Card_Reimbursement,Daily_Expense
TX1892,EMP_003,Sales,2026-06-26,17:48,REWE Markt,14.50,Personal_Card_Reimbursement,Daily_Expense
TX1893,EMP_009,Sales,2026-06-26,17:55,Vapiano,23.76,Personal_Card_Reimbursement,Daily_Expense
TX1894,EMP_034,Engineering,2026-06-26,17:57,REWE Markt,21.58,Personal_Card_Reimbursement,Daily_Expense
TX1895,EMP_045,Engineering,2026-06-26,18:02,Restaurant Adler,25.19,Personal_Card_Reimbursement,Daily_Expense
TX1896,EMP_061,Marketing,2026-06-26,18:27,Starbucks,16.44,Personal_Card_Reimbursement,Daily_Expense
TX1897,EMP_059,Marketing,2026-06-26,18:32,REWE Markt,25.19,Personal_Card_Reimbursement,Daily_Expense
TX1898,EMP_063,Marketing,2026-06-26,18:37,Restaurant Adler,10.04,Personal_Card_Reimbursement,Daily_Expense
TX1899,EMP_077,Consulting,2026-06-26,18:37,Restaurant Adler,29.98,Personal_Card_Reimbursement,Daily_Expense
TX1900,EMP_068,Marketing,2026-06-26,18:41,Restaurant Adler,27.81,Personal_Card_Reimbursement,Daily_Expense
TX1901,EMP_055,Engineering,2026-06-26,19:03,REWE Markt,6.48,Personal_Card_Reimbursement,Daily_Expense
TX1902,EMP_006,Sales,2026-06-26,19:18,REWE Markt,10.43,Personal_Card_Reimbursement,Daily_Expense
TX1903,EMP_038,Engineering,2026-06-26,19:23,Pret A Manger,31.09,Personal_Card_Reimbursement,Daily_Expense
TX1904,EMP_079,Consulting,2026-06-26,19:32,Vapiano,33.84,Personal_Card_Reimbursement,Daily_Expense
TX1905,EMP_013,Sales,2026-06-26,19:32,Vapiano,33.33,Personal_Card_Reimbursement,Daily_Expense
TX1906,EMP_012,Sales,2026-06-26,19:35,Restaurant Adler,25.68,Personal_Card_Reimbursement,Daily_Expense
TX1907,EMP_086,Consulting,2026-06-26,19:39,Vapiano,4.18,Personal_Card_Reimbursement,Daily_Expense
TX1908,EMP_072,Consulting,2026-06-26,19:44,Vapiano,32.77,Personal_Card_Reimbursement,Daily_Expense
TX1909,EMP_097,Operations,2026-06-26,19:52,Vapiano,20.15,Personal_Card_Reimbursement,Daily_Expense
TX1910,EMP_053,Engineering,2026-06-26,19:55,Vapiano,14.16,Personal_Card_Reimbursement,Daily_Expense
TX1911,EMP_029,Engineering,2026-06-29,08:00,BVG,2.47,Personal_Card_Reimbursement,Daily_Expense
TX1912,EMP_057,Marketing,2026-06-29,08:00,MVV,2.51,Personal_Card_Reimbursement,Daily_Expense
TX1913,EMP_060,Marketing,2026-06-29,08:02,MVV,2.62,Personal_Card_Reimbursement,Daily_Expense
TX1914,EMP_052,Engineering,2026-06-29,08:03,Uber BV,11.23,Personal_Card_Reimbursement,Daily_Expense
TX1915,EMP_080,Consulting,2026-06-29,08:03,MVV,3.08,Personal_Card_Reimbursement,Daily_Expense
TX1916,EMP_011,Sales,2026-06-29,08:04,Metro Paris,2.80,Personal_Card_Reimbursement,Daily_Expense
TX1917,EMP_038,Engineering,2026-06-29,08:05,Uber BV,12.07,Personal_Card_Reimbursement,Daily_Expense
TX1918,EMP_037,Engineering,2026-06-29,08:07,Uber BV,11.11,Personal_Card_Reimbursement,Daily_Expense
TX1919,EMP_030,Engineering,2026-06-29,08:08,MVV,3.44,Personal_Card_Reimbursement,Daily_Expense
TX1920,EMP_044,Engineering,2026-06-29,08:09,Wiener Linien,2.49,Personal_Card_Reimbursement,Daily_Expense
TX1921,EMP_051,Engineering,2026-06-29,08:11,Free Now,9.74,Personal_Card_Reimbursement,Daily_Expense
TX1922,EMP_068,Marketing,2026-06-29,08:11,Wiener Linien,3.47,Personal_Card_Reimbursement,Daily_Expense
TX1923,EMP_034,Engineering,2026-06-29,08:13,BVG,2.99,Personal_Card_Reimbursement,Daily_Expense
TX1924,EMP_059,Marketing,2026-06-29,08:14,Bolt Operations OU,10.33,Personal_Card_Reimbursement,Daily_Expense
TX1925,EMP_007,Sales,2026-06-29,08:15,MVV,2.39,Personal_Card_Reimbursement,Daily_Expense
TX1926,EMP_093,Operations,2026-06-29,08:19,Wiener Linien,2.78,Personal_Card_Reimbursement,Daily_Expense
TX1927,EMP_028,Engineering,2026-06-29,08:20,MVV,3.04,Personal_Card_Reimbursement,Daily_Expense
TX1928,EMP_027,Engineering,2026-06-29,08:27,Wiener Linien,2.69,Personal_Card_Reimbursement,Daily_Expense
TX1929,EMP_039,Engineering,2026-06-29,08:32,Wiener Linien,3.27,Personal_Card_Reimbursement,Daily_Expense
TX1930,EMP_069,Marketing,2026-06-29,08:32,Free Now,10.30,Personal_Card_Reimbursement,Daily_Expense
TX1931,EMP_096,Operations,2026-06-29,08:32,Wiener Linien,3.33,Personal_Card_Reimbursement,Daily_Expense
TX1932,EMP_031,Engineering,2026-06-29,08:33,Free Now,9.68,Personal_Card_Reimbursement,Daily_Expense
TX1933,EMP_046,Engineering,2026-06-29,08:34,BVG,3.10,Personal_Card_Reimbursement,Daily_Expense
TX1934,EMP_070,Marketing,2026-06-29,08:34,Metro Paris,2.70,Personal_Card_Reimbursement,Daily_Expense
TX1935,EMP_042,Engineering,2026-06-29,08:36,Uber BV,10.91,Personal_Card_Reimbursement,Daily_Expense
TX1936,EMP_032,Engineering,2026-06-29,08:36,Free Now,9.37,Personal_Card_Reimbursement,Daily_Expense
TX1937,EMP_010,Sales,2026-06-29,08:36,MVV,2.43,Personal_Card_Reimbursement,Daily_Expense
TX1938,EMP_043,Engineering,2026-06-29,08:37,BVG,2.61,Personal_Card_Reimbursement,Daily_Expense
TX1939,EMP_035,Engineering,2026-06-29,08:38,Bolt Operations OU,9.36,Personal_Card_Reimbursement,Daily_Expense
TX1940,EMP_033,Engineering,2026-06-29,08:40,Metro Paris,3.44,Personal_Card_Reimbursement,Daily_Expense
TX1941,EMP_047,Engineering,2026-06-29,08:40,Free Now,9.34,Personal_Card_Reimbursement,Daily_Expense
TX1942,EMP_064,Marketing,2026-06-29,08:40,Wiener Linien,2.84,Personal_Card_Reimbursement,Daily_Expense
TX1943,EMP_063,Marketing,2026-06-29,08:42,MVV,2.91,Personal_Card_Reimbursement,Daily_Expense
TX1944,EMP_084,Consulting,2026-06-29,08:44,Wiener Linien,2.77,Personal_Card_Reimbursement,Daily_Expense
TX1945,EMP_053,Engineering,2026-06-29,08:49,Metro Paris,3.01,Personal_Card_Reimbursement,Daily_Expense
TX1946,EMP_063,Marketing,2026-06-29,09:45,TravelPlus Agentur,154.42,Personal_Card_Reimbursement,Daily_Expense
TX1947,EMP_021,Sales,2026-06-29,11:08,REWE Markt,4.76,Personal_Card_Reimbursement,Daily_Expense
TX1948,EMP_017,Sales,2026-06-29,11:14,Starbucks,24.44,Personal_Card_Reimbursement,Daily_Expense
TX1949,EMP_066,Marketing,2026-06-29,11:14,Pret A Manger,21.12,Personal_Card_Reimbursement,Daily_Expense
TX1950,EMP_053,Engineering,2026-06-29,11:17,Pret A Manger,35.07,Personal_Card_Reimbursement,Daily_Expense
TX1951,EMP_058,Marketing,2026-06-29,11:24,Pret A Manger,18.72,Personal_Card_Reimbursement,Daily_Expense
TX1952,EMP_036,Engineering,2026-06-29,11:36,Pret A Manger,33.44,Personal_Card_Reimbursement,Daily_Expense
TX1953,EMP_046,Engineering,2026-06-29,12:08,Restaurant Adler,27.85,Personal_Card_Reimbursement,Daily_Expense
TX1954,EMP_049,Engineering,2026-06-29,12:16,Starbucks,17.60,Personal_Card_Reimbursement,Daily_Expense
TX1955,EMP_031,Engineering,2026-06-29,12:17,Starbucks,37.17,Personal_Card_Reimbursement,Daily_Expense
TX1956,EMP_034,Engineering,2026-06-29,12:23,Staples,48.08,Personal_Card_Reimbursement,Daily_Expense
TX1957,EMP_060,Marketing,2026-06-29,12:24,Starbucks,33.25,Personal_Card_Reimbursement,Daily_Expense
TX1958,EMP_014,Sales,2026-06-29,12:26,Starbucks,5.64,Personal_Card_Reimbursement,Daily_Expense
TX1959,EMP_023,Sales,2026-06-29,12:29,Vapiano,34.76,Personal_Card_Reimbursement,Daily_Expense
TX1960,EMP_007,Sales,2026-06-29,12:30,REWE Markt,23.73,Personal_Card_Reimbursement,Daily_Expense
TX1961,EMP_013,Sales,2026-06-29,13:01,Restaurant Adler,16.79,Personal_Card_Reimbursement,Daily_Expense
TX1962,EMP_011,Sales,2026-06-29,13:02,Restaurant Adler,29.00,Personal_Card_Reimbursement,Daily_Expense
TX1963,EMP_085,Consulting,2026-06-29,13:03,Restaurant Adler,5.81,Personal_Card_Reimbursement,Daily_Expense
TX1964,EMP_082,Consulting,2026-06-29,13:04,Lufthansa,180.48,TMC_Corporate,Business_Trip
TX1965,EMP_047,Engineering,2026-06-29,13:16,Staples,12.26,Personal_Card_Reimbursement,Daily_Expense
TX1966,EMP_042,Engineering,2026-06-29,13:21,Pret A Manger,27.05,Personal_Card_Reimbursement,Daily_Expense
TX1967,EMP_050,Engineering,2026-06-29,13:30,Starbucks,31.35,Personal_Card_Reimbursement,Daily_Expense
TX1968,EMP_025,Sales,2026-06-29,13:34,Starbucks,30.00,Personal_Card_Reimbursement,Daily_Expense
TX1969,EMP_085,Consulting,2026-06-29,13:57,REWE Markt,31.31,Personal_Card_Reimbursement,Daily_Expense
TX1970,EMP_086,Consulting,2026-06-29,14:00,Global Conf Services Ltd,50.87,Personal_Card_Reimbursement,Daily_Expense
TX1971,EMP_031,Engineering,2026-06-29,14:02,Restaurant Adler,35.23,Personal_Card_Reimbursement,Daily_Expense
TX1972,EMP_092,Operations,2026-06-29,14:16,Pret A Manger,32.17,Personal_Card_Reimbursement,Daily_Expense
TX1973,EMP_051,Engineering,2026-06-29,14:23,REWE Markt,27.16,Personal_Card_Reimbursement,Daily_Expense
TX1974,EMP_072,Consulting,2026-06-29,14:44,Vapiano,4.38,Personal_Card_Reimbursement,Daily_Expense
TX1975,EMP_049,Engineering,2026-06-29,14:51,Pret A Manger,27.02,Personal_Card_Reimbursement,Daily_Expense
TX1976,EMP_064,Marketing,2026-06-29,14:52,Staples,14.92,Personal_Card_Reimbursement,Daily_Expense
TX1977,EMP_023,Sales,2026-06-29,14:54,Starbucks,18.93,Personal_Card_Reimbursement,Daily_Expense
TX1978,EMP_054,Engineering,2026-06-29,14:54,Restaurant Adler,29.52,Personal_Card_Reimbursement,Daily_Expense
TX1979,EMP_013,Sales,2026-06-29,15:00,Deutsche Bahn,46.16,TMC_Corporate,Business_Trip
TX1980,EMP_045,Engineering,2026-06-29,15:05,Pret A Manger,30.36,Personal_Card_Reimbursement,Daily_Expense
TX1981,EMP_074,Consulting,2026-06-29,15:22,Office Depot,53.08,Personal_Card_Reimbursement,Daily_Expense
TX1982,EMP_089,Consulting,2026-06-29,15:31,Pret A Manger,4.97,Personal_Card_Reimbursement,Daily_Expense
TX1983,EMP_026,Engineering,2026-06-29,15:36,Pret A Manger,7.77,Personal_Card_Reimbursement,Daily_Expense
TX1984,EMP_060,Marketing,2026-06-29,15:42,Starbucks,6.26,Personal_Card_Reimbursement,Daily_Expense
TX1985,EMP_043,Engineering,2026-06-29,15:48,Restaurant Adler,20.11,Personal_Card_Reimbursement,Daily_Expense
TX1986,EMP_027,Engineering,2026-06-29,16:23,Staples,46.50,Personal_Card_Reimbursement,Daily_Expense
TX1987,EMP_049,Engineering,2026-06-29,16:26,Vapiano,27.38,Personal_Card_Reimbursement,Daily_Expense
TX1988,EMP_097,Operations,2026-06-29,16:28,Starbucks,7.90,Personal_Card_Reimbursement,Daily_Expense
TX1989,EMP_073,Consulting,2026-06-29,16:29,Vapiano,21.76,Personal_Card_Reimbursement,Daily_Expense
TX1990,EMP_069,Marketing,2026-06-29,16:32,Starbucks,34.82,Personal_Card_Reimbursement,Daily_Expense
TX1991,EMP_049,Engineering,2026-06-29,17:11,Pret A Manger,32.64,Personal_Card_Reimbursement,Daily_Expense
TX1992,EMP_084,Consulting,2026-06-29,17:17,Starbucks,35.72,Personal_Card_Reimbursement,Daily_Expense
TX1993,EMP_099,Operations,2026-06-29,17:50,Restaurant Adler,32.80,Personal_Card_Reimbursement,Daily_Expense
TX1994,EMP_086,Consulting,2026-06-29,17:53,Vapiano,33.41,Personal_Card_Reimbursement,Daily_Expense
TX1995,EMP_022,Sales,2026-06-29,17:54,Starbucks,18.34,Personal_Card_Reimbursement,Daily_Expense
TX1996,EMP_070,Marketing,2026-06-29,18:01,Restaurant Adler,20.99,Personal_Card_Reimbursement,Daily_Expense
TX1997,EMP_074,Consulting,2026-06-29,18:04,Staples,28.05,Personal_Card_Reimbursement,Daily_Expense
TX1998,EMP_023,Sales,2026-06-29,18:04,Starbucks,37.25,Personal_Card_Reimbursement,Daily_Expense
TX1999,EMP_079,Consulting,2026-06-29,18:12,Pret A Manger,34.83,Personal_Card_Reimbursement,Daily_Expense
TX2000,EMP_044,Engineering,2026-06-29,18:37,Office Depot,72.95,Personal_Card_Reimbursement,Daily_Expense
TX2001,EMP_064,Marketing,2026-06-29,18:46,REWE Markt,37.88,Personal_Card_Reimbursement,Daily_Expense
TX2002,EMP_007,Sales,2026-06-29,18:50,Office Depot,24.70,Personal_Card_Reimbursement,Daily_Expense
TX2003,EMP_005,Sales,2026-06-29,18:57,Restaurant Adler,20.37,Personal_Card_Reimbursement,Daily_Expense
TX2004,EMP_100,Operations,2026-06-29,19:02,Pret A Manger,5.84,Personal_Card_Reimbursement,Daily_Expense
TX2005,EMP_096,Operations,2026-06-29,19:19,REWE Markt,18.79,Personal_Card_Reimbursement,Daily_Expense
TX2006,EMP_050,Engineering,2026-06-29,19:29,Vapiano,16.73,Personal_Card_Reimbursement,Daily_Expense
TX2007,EMP_074,Consulting,2026-06-29,19:39,Pret A Manger,26.37,Personal_Card_Reimbursement,Daily_Expense
TX2008,EMP_029,Engineering,2026-06-29,19:47,Office Depot,39.42,Personal_Card_Reimbursement,Daily_Expense
TX2009,EMP_008,Sales,2026-06-29,19:54,Office Depot,17.25,Personal_Card_Reimbursement,Daily_Expense
TX2010,EMP_021,Sales,2026-06-29,19:54,Restaurant Adler,34.79,Personal_Card_Reimbursement,Daily_Expense
TX2011,EMP_030,Engineering,2026-06-30,08:00,MVV,3.05,Personal_Card_Reimbursement,Daily_Expense
TX2012,EMP_060,Marketing,2026-06-30,08:00,MVV,2.62,Personal_Card_Reimbursement,Daily_Expense
TX2013,EMP_062,Marketing,2026-06-30,08:00,Bolt Operations OU,12.41,Personal_Card_Reimbursement,Daily_Expense
TX2014,EMP_011,Sales,2026-06-30,08:00,Metro Paris,2.70,Personal_Card_Reimbursement,Daily_Expense
TX2015,EMP_080,Consulting,2026-06-30,08:00,MVV,2.49,Personal_Card_Reimbursement,Daily_Expense
TX2016,EMP_057,Marketing,2026-06-30,08:02,MVV,2.47,Personal_Card_Reimbursement,Daily_Expense
TX2017,EMP_054,Engineering,2026-06-30,08:03,MVV,2.76,Personal_Card_Reimbursement,Daily_Expense
TX2018,EMP_052,Engineering,2026-06-30,08:03,Uber BV,12.10,Personal_Card_Reimbursement,Daily_Expense
TX2019,EMP_044,Engineering,2026-06-30,08:05,Wiener Linien,2.89,Personal_Card_Reimbursement,Daily_Expense
TX2020,EMP_037,Engineering,2026-06-30,08:05,Uber BV,9.93,Personal_Card_Reimbursement,Daily_Expense
TX2021,EMP_068,Marketing,2026-06-30,08:05,Wiener Linien,2.22,Personal_Card_Reimbursement,Daily_Expense
TX2022,EMP_058,Marketing,2026-06-30,08:05,Wiener Linien,3.46,Personal_Card_Reimbursement,Daily_Expense
TX2023,EMP_007,Sales,2026-06-30,08:05,MVV,3.09,Personal_Card_Reimbursement,Daily_Expense
TX2024,EMP_029,Engineering,2026-06-30,08:07,BVG,3.53,Personal_Card_Reimbursement,Daily_Expense
TX2025,EMP_016,Sales,2026-06-30,08:09,Metro Paris,2.78,Personal_Card_Reimbursement,Daily_Expense
TX2026,EMP_038,Engineering,2026-06-30,08:10,Uber BV,10.70,Personal_Card_Reimbursement,Daily_Expense
TX2027,EMP_079,Consulting,2026-06-30,08:10,Wiener Linien,3.36,Personal_Card_Reimbursement,Daily_Expense
TX2028,EMP_009,Sales,2026-06-30,08:13,Uber BV,383.12,Personal_Card_Reimbursement,Business_Trip
TX2029,EMP_051,Engineering,2026-06-30,08:15,Free Now,13.03,Personal_Card_Reimbursement,Daily_Expense
TX2030,EMP_093,Operations,2026-06-30,08:16,Wiener Linien,3.00,Personal_Card_Reimbursement,Daily_Expense
TX2031,EMP_050,Engineering,2026-06-30,08:18,Metro Paris,3.55,Personal_Card_Reimbursement,Daily_Expense
TX2032,EMP_096,Operations,2026-06-30,08:20,Wiener Linien,3.40,Personal_Card_Reimbursement,Daily_Expense
TX2033,EMP_059,Marketing,2026-06-30,08:21,Bolt Operations OU,11.73,Personal_Card_Reimbursement,Daily_Expense
TX2034,EMP_069,Marketing,2026-06-30,08:24,Free Now,12.02,Personal_Card_Reimbursement,Daily_Expense
TX2035,EMP_027,Engineering,2026-06-30,08:25,Wiener Linien,2.04,Personal_Card_Reimbursement,Daily_Expense
TX2036,EMP_070,Marketing,2026-06-30,08:29,Metro Paris,2.54,Personal_Card_Reimbursement,Daily_Expense
TX2037,EMP_031,Engineering,2026-06-30,08:30,Free Now,13.66,Personal_Card_Reimbursement,Daily_Expense
TX2038,EMP_064,Marketing,2026-06-30,08:31,Wiener Linien,3.35,Personal_Card_Reimbursement,Daily_Expense
TX2039,EMP_055,Engineering,2026-06-30,08:33,Bolt Operations OU,13.81,Personal_Card_Reimbursement,Daily_Expense
TX2040,EMP_061,Marketing,2026-06-30,08:33,Uber BV,13.03,Personal_Card_Reimbursement,Daily_Expense
TX2041,EMP_026,Engineering,2026-06-30,08:34,MVV,2.70,Personal_Card_Reimbursement,Daily_Expense
TX2042,EMP_042,Engineering,2026-06-30,08:35,Uber BV,13.87,Personal_Card_Reimbursement,Daily_Expense
TX2043,EMP_010,Sales,2026-06-30,08:38,MVV,2.10,Personal_Card_Reimbursement,Daily_Expense
TX2044,EMP_043,Engineering,2026-06-30,08:40,BVG,2.54,Personal_Card_Reimbursement,Daily_Expense
TX2045,EMP_035,Engineering,2026-06-30,08:41,Bolt Operations OU,9.73,Personal_Card_Reimbursement,Daily_Expense
TX2046,EMP_048,Engineering,2026-06-30,08:42,Bolt Operations OU,13.60,Personal_Card_Reimbursement,Daily_Expense
TX2047,EMP_047,Engineering,2026-06-30,08:43,Free Now,9.87,Personal_Card_Reimbursement,Daily_Expense
TX2048,EMP_084,Consulting,2026-06-30,08:44,Wiener Linien,3.16,Personal_Card_Reimbursement,Daily_Expense
TX2049,EMP_053,Engineering,2026-06-30,08:45,Metro Paris,2.25,Personal_Card_Reimbursement,Daily_Expense
TX2050,EMP_041,Engineering,2026-06-30,08:45,Uber BV,9.48,Personal_Card_Reimbursement,Daily_Expense
TX2051,EMP_063,Marketing,2026-06-30,08:45,MVV,2.46,Personal_Card_Reimbursement,Daily_Expense
TX2052,EMP_013,Sales,2026-06-30,11:26,Starbucks,28.62,Personal_Card_Reimbursement,Daily_Expense
TX2053,EMP_075,Consulting,2026-06-30,11:30,Office Depot,46.65,Personal_Card_Reimbursement,Daily_Expense
TX2054,EMP_055,Engineering,2026-06-30,11:33,Starbucks,12.44,Personal_Card_Reimbursement,Daily_Expense
TX2055,EMP_005,Sales,2026-06-30,11:53,Pret A Manger,11.35,Personal_Card_Reimbursement,Daily_Expense
TX2056,EMP_023,Sales,2026-06-30,12:02,Restaurant Adler,9.48,Personal_Card_Reimbursement,Daily_Expense
TX2057,EMP_026,Engineering,2026-06-30,12:20,Starbucks,11.82,Personal_Card_Reimbursement,Daily_Expense
TX2058,EMP_075,Consulting,2026-06-30,12:41,Starbucks,4.42,Personal_Card_Reimbursement,Daily_Expense
TX2059,EMP_074,Consulting,2026-06-30,12:49,Starbucks,9.07,Personal_Card_Reimbursement,Daily_Expense
TX2060,EMP_039,Engineering,2026-06-30,12:58,Starbucks,29.65,Personal_Card_Reimbursement,Daily_Expense
TX2061,EMP_079,Consulting,2026-06-30,13:28,Starbucks,29.75,Personal_Card_Reimbursement,Daily_Expense
TX2062,EMP_079,Consulting,2026-06-30,13:36,Restaurant Adler,27.58,Personal_Card_Reimbursement,Daily_Expense
TX2063,EMP_050,Engineering,2026-06-30,13:40,Restaurant Adler,35.83,Personal_Card_Reimbursement,Daily_Expense
TX2064,EMP_059,Marketing,2026-06-30,13:50,REWE Markt,34.02,Personal_Card_Reimbursement,Daily_Expense
TX2065,EMP_045,Engineering,2026-06-30,13:53,Staples,61.31,Personal_Card_Reimbursement,Daily_Expense
TX2066,EMP_039,Engineering,2026-06-30,13:54,REWE Markt,10.48,Personal_Card_Reimbursement,Daily_Expense
TX2067,EMP_038,Engineering,2026-06-30,14:06,Office Depot,58.02,Personal_Card_Reimbursement,Daily_Expense
TX2068,EMP_003,Sales,2026-06-30,14:14,Starbucks,25.31,Personal_Card_Reimbursement,Daily_Expense
TX2069,EMP_024,Sales,2026-06-30,14:22,Starbucks,26.25,Personal_Card_Reimbursement,Daily_Expense
TX2070,EMP_048,Engineering,2026-06-30,14:23,Starbucks,37.98,Personal_Card_Reimbursement,Daily_Expense
TX2071,EMP_023,Sales,2026-06-30,15:12,REWE Markt,32.11,Personal_Card_Reimbursement,Daily_Expense
TX2072,EMP_028,Engineering,2026-06-30,15:13,Starbucks,15.26,Personal_Card_Reimbursement,Daily_Expense
TX2073,EMP_066,Marketing,2026-06-30,15:19,Vapiano,23.09,Personal_Card_Reimbursement,Daily_Expense
TX2074,EMP_005,Sales,2026-06-30,15:21,REWE Markt,32.49,Personal_Card_Reimbursement,Daily_Expense
TX2075,EMP_096,Operations,2026-06-30,15:32,Vapiano,24.36,Personal_Card_Reimbursement,Daily_Expense
TX2076,EMP_008,Sales,2026-06-30,15:37,Pret A Manger,12.42,Personal_Card_Reimbursement,Daily_Expense
TX2077,EMP_091,Operations,2026-06-30,15:38,Starbucks,19.44,Personal_Card_Reimbursement,Daily_Expense
TX2078,EMP_052,Engineering,2026-06-30,15:39,Restaurant Adler,28.68,Personal_Card_Reimbursement,Daily_Expense
TX2079,EMP_078,Consulting,2026-06-30,15:46,Restaurant Adler,8.46,Personal_Card_Reimbursement,Daily_Expense
TX2080,EMP_027,Engineering,2026-06-30,15:58,Starbucks,14.19,Personal_Card_Reimbursement,Daily_Expense
TX2081,EMP_053,Engineering,2026-06-30,16:01,Vapiano,4.11,Personal_Card_Reimbursement,Daily_Expense
TX2082,EMP_010,Sales,2026-06-30,16:02,Restaurant Adler,4.81,Personal_Card_Reimbursement,Daily_Expense
TX2083,EMP_009,Sales,2026-06-30,16:02,REWE Markt,26.10,Personal_Card_Reimbursement,Daily_Expense
TX2084,EMP_017,Sales,2026-06-30,16:06,Free Now,389.23,Personal_Card_Reimbursement,Business_Trip
TX2085,EMP_060,Marketing,2026-06-30,16:16,REWE Markt,31.64,Personal_Card_Reimbursement,Daily_Expense
TX2086,EMP_037,Engineering,2026-06-30,16:37,Staples,19.76,Personal_Card_Reimbursement,Daily_Expense
TX2087,EMP_084,Consulting,2026-06-30,16:37,Starbucks,19.44,Personal_Card_Reimbursement,Daily_Expense
TX2088,EMP_015,Sales,2026-06-30,16:40,Pret A Manger,17.83,Personal_Card_Reimbursement,Daily_Expense
TX2089,EMP_004,Sales,2026-06-30,16:52,Restaurant Adler,26.86,Personal_Card_Reimbursement,Daily_Expense
TX2090,EMP_005,Sales,2026-06-30,16:55,Vapiano,33.25,Personal_Card_Reimbursement,Daily_Expense
TX2091,EMP_018,Sales,2026-06-30,16:57,Office Depot,23.64,Personal_Card_Reimbursement,Daily_Expense
TX2092,EMP_014,Sales,2026-06-30,17:20,Restaurant Adler,30.23,Personal_Card_Reimbursement,Daily_Expense
TX2093,EMP_051,Engineering,2026-06-30,17:33,Restaurant Adler,6.99,Personal_Card_Reimbursement,Daily_Expense
TX2094,EMP_073,Consulting,2026-06-30,17:49,Restaurant Adler,10.16,Personal_Card_Reimbursement,Daily_Expense
TX2095,EMP_085,Consulting,2026-06-30,18:07,Pret A Manger,29.14,Personal_Card_Reimbursement,Daily_Expense
TX2096,EMP_074,Consulting,2026-06-30,18:11,Restaurant Adler,9.01,Personal_Card_Reimbursement,Daily_Expense
TX2097,EMP_041,Engineering,2026-06-30,18:18,Restaurant Adler,28.52,Personal_Card_Reimbursement,Daily_Expense
TX2098,EMP_074,Consulting,2026-06-30,18:21,Restaurant Adler,31.19,Personal_Card_Reimbursement,Daily_Expense
TX2099,EMP_054,Engineering,2026-06-30,18:22,Pret A Manger,35.68,Personal_Card_Reimbursement,Daily_Expense
TX2100,EMP_061,Marketing,2026-06-30,18:32,Restaurant Adler,36.30,Personal_Card_Reimbursement,Daily_Expense
TX2101,EMP_071,Consulting,2026-06-30,18:35,Pret A Manger,23.46,Personal_Card_Reimbursement,Daily_Expense
TX2102,EMP_032,Engineering,2026-06-30,18:38,Starbucks,15.62,Personal_Card_Reimbursement,Daily_Expense
TX2103,EMP_025,Sales,2026-06-30,18:38,Starbucks,27.62,Personal_Card_Reimbursement,Daily_Expense
TX2104,EMP_038,Engineering,2026-06-30,18:44,Pret A Manger,19.13,Personal_Card_Reimbursement,Daily_Expense
TX2105,EMP_089,Consulting,2026-06-30,18:55,Staples,17.17,Personal_Card_Reimbursement,Daily_Expense
TX2106,EMP_042,Engineering,2026-06-30,18:56,Vapiano,20.57,Personal_Card_Reimbursement,Daily_Expense
TX2107,EMP_084,Consulting,2026-06-30,18:58,Restaurant Adler,18.18,Personal_Card_Reimbursement,Daily_Expense
TX2108,EMP_044,Engineering,2026-06-30,19:08,Pret A Manger,15.02,Personal_Card_Reimbursement,Daily_Expense
TX2109,EMP_079,Consulting,2026-06-30,19:24,Pret A Manger,33.40,Personal_Card_Reimbursement,Daily_Expense
TX2110,EMP_058,Marketing,2026-06-30,19:25,Staples,86.61,Personal_Card_Reimbursement,Daily_Expense
TX2111,EMP_063,Marketing,2026-06-30,19:42,REWE Markt,17.48,Personal_Card_Reimbursement,Daily_Expense
